,type,name,created_at,Hash,Add,Del,Files,Vuln
0,Commit,leenooks_phpldapadmin,2021-12-10 04:05:13,fc7ab06358f4a849a9051561699fce002ca4f643,1.0,1.0,1.0,0.0
1,Commit,leenooks_phpldapadmin,2020-09-12 12:41:52,a4924f7453254366403f11108ebc16f03037b750,82.0,5.0,1.0,0.0
2,Commit,leenooks_phpldapadmin,2020-08-30 12:27:03,0011184a3f23412adc4332b301daf10ed6504223,1.0,0.0,1.0,0.0
3,Commit,leenooks_phpldapadmin,2020-08-30 12:09:52,aa5be41b06b89073242278ddfe58cd9825dc9b15,1.0,1.0,1.0,0.0
4,Commit,leenooks_phpldapadmin,2019-08-20 12:24:40,8f4ced96f9c63a09510a5bccb2189a8b92fb29ba,1.0,1.0,1.0,0.0
5,Commit,leenooks_phpldapadmin,2019-07-15 04:49:52,1bd14ddf6849000d3119afb7c11a91401d68a1f5,2.0,4.0,2.0,0.0
6,Commit,leenooks_phpldapadmin,2019-05-14 05:01:32,95411c05e17fad4edc54eef55aea70c644c85f63,1.0,1.0,1.0,0.0
7,Commit,leenooks_phpldapadmin,2019-05-14 05:00:28,7b1f6b5132204836a75674045309edb7005b87d2,1.0,1.0,1.0,0.0
8,Commit,leenooks_phpldapadmin,2019-04-21 13:37:10,3c0ca274772c979e9d375f097a3aca8a6a8c6d1f,6.0,15.0,2.0,0.0
9,Commit,leenooks_phpldapadmin,2019-04-20 05:39:48,511ead3ec6d0f949c10119d834212e4e62a34f72,1.0,1.0,1.0,0.0
10,Commit,leenooks_phpldapadmin,2019-04-19 12:48:22,e37b498de19a5301188bc8d93b0b67d7ce717d3a,26.0,3.0,1.0,0.0
11,Commit,leenooks_phpldapadmin,2019-04-19 11:01:02,29d7d4b2f7501605528a61458bb8783ec57f9418,8.0,0.0,1.0,0.0
12,Commit,leenooks_phpldapadmin,2019-04-19 10:08:53,c4940785503063b799175f0158e093f969c7b022,19.0,17.0,2.0,0.0
13,Commit,leenooks_phpldapadmin,2019-04-18 13:17:24,73b7795bc0b232491de35dd91ad9ea86ad34eae8,5.0,0.0,1.0,0.0
14,Commit,leenooks_phpldapadmin,2018-09-17 14:45:42,2e43cf95b9fea32ff6310642bd90541e6a55362a,3.0,1.0,1.0,0.0
15,Commit,leenooks_phpldapadmin,2018-04-20 11:10:20,5c0f787fbfaf7d8582fbf0486306952c72c4d6dd,1.0,1.0,1.0,0.0
16,Commit,leenooks_phpldapadmin,2018-04-20 10:33:58,6c85d615253c182f4b9a2bed5ff2b323c7ddfbed,1.0,1.0,1.0,0.0
17,Commit,leenooks_phpldapadmin,2018-02-11 07:22:36,53e005c1f4d5b841c3123f6f775b775630c7b4b7,10.0,0.0,1.0,0.0
18,Commit,leenooks_phpldapadmin,2016-10-30 08:53:36,733a10a1c57568bd5294d527f324fb220c8ee76c,0.0,0.0,0.0,0.0
19,Commit,leenooks_phpldapadmin,2016-10-30 08:53:05,708bc5ed83cc92f42ec10ae621b39a799c0e3a61,0.0,0.0,0.0,0.0
20,Commit,leenooks_phpldapadmin,2016-10-30 08:52:22,e46579b34ef99e37bec9a6742b833af672cc1f78,0.0,0.0,0.0,0.0
21,Commit,leenooks_phpldapadmin,2016-10-30 08:47:44,4fefe2aa8c69d6318a2edf3d8e89b2d595ad2376,0.0,0.0,0.0,0.0
22,Commit,leenooks_phpldapadmin,2016-10-08 19:24:33,ee9034f24c530d27a752a4402c73aae4a69907be,18.0,1.0,1.0,0.0
23,Commit,leenooks_phpldapadmin,2016-08-11 00:45:18,61af45e8722f06527517826418ecbfbd4de5ccc7,1.0,1.0,1.0,0.0
24,Commit,leenooks_phpldapadmin,2016-08-10 23:48:12,dd6e9583a2eb2ca085583765e8a63df5904cb036,0.0,2.0,1.0,0.0
25,Commit,leenooks_phpldapadmin,2016-08-10 23:32:41,665dbc2690ebeb5392d38f1fece0a654225a0b38,14.0,1.0,1.0,0.0
26,Commit,leenooks_phpldapadmin,2016-03-30 19:07:02,599d55700dd7e5a0a5da482afac4cc06e45fe52b,2.0,2.0,1.0,0.0
27,Commit,leenooks_phpldapadmin,2016-01-24 11:02:42,726190e5b81a201e71e57a2170b695c332586e57,1.0,1.0,1.0,0.0
28,Commit,leenooks_phpldapadmin,2016-01-24 10:52:21,0b8375fd2ac9fa92a1057a00cbc7033f739dc523,1.0,1.0,1.0,0.0
29,Commit,leenooks_phpldapadmin,2015-12-07 05:56:41,fa88250f0e83f43e05fa09228efa5aa9c262326f,0.0,0.0,0.0,0.0
30,Commit,leenooks_phpldapadmin,2015-12-06 06:02:11,0491916d902aee59f3803191626c06ec6f29aa35,1.0,6.0,1.0,0.0
31,Commit,leenooks_phpldapadmin,2015-02-23 20:40:32,c004a291d7f7d9ea86706ffda50ea1a4b178adb5,0.0,0.0,0.0,0.0
32,Commit,leenooks_phpldapadmin,2015-01-30 12:56:29,54191d7ffbc4e13d6075c0cbc52c8c409610ea57,3.0,3.0,1.0,0.0
33,Commit,leenooks_phpldapadmin,2014-10-08 01:30:58,9e283f369feb3425751b10130de4f8d75209b3f3,0.0,0.0,0.0,0.0
34,Commit,leenooks_phpldapadmin,2014-10-07 18:25:32,19114385fcc216c3d04127d905b1699c042534ce,6.0,6.0,4.0,0.0
35,Commit,leenooks_phpldapadmin,2014-10-07 01:54:51,7701e98bcc30726831d84cebdc9976e4fc5fb5f9,0.0,0.0,0.0,0.0
36,Commit,leenooks_phpldapadmin,2014-09-30 21:28:09,d4c2fb52abb6c0924e190013881b11c5813d360c,1.0,1.0,1.0,0.0
37,Commit,leenooks_phpldapadmin,2014-09-23 05:59:42,7cbdd0c8dbb363aa6b9ac2bb7488a9ffd4e9dd10,0.0,0.0,0.0,0.0
38,Commit,leenooks_phpldapadmin,2014-09-21 08:11:07,afec12d1638829dd2fa941efe94fd7056d41ffa6,0.0,0.0,1.0,0.0
39,Commit,leenooks_phpldapadmin,2014-09-21 08:10:30,a4a602b6ecceef92cfee1003e37047a8ceca27c6,13.0,0.0,1.0,0.0
40,Commit,leenooks_phpldapadmin,2014-09-18 02:32:56,e1952cddb6e2eab1d912ded60c64c71ce92bc0cc,0.0,0.0,0.0,0.0
41,Commit,leenooks_phpldapadmin,2014-09-18 02:32:08,ee415fe8c6ae54b2ab801fe17c8e4f7038b3efcc,0.0,0.0,0.0,0.0
42,Commit,leenooks_phpldapadmin,2014-09-18 02:31:19,eca5c4ea9f49a71c5ae5e414c9a73020b376a1d9,0.0,0.0,0.0,0.0
43,Commit,leenooks_phpldapadmin,2014-09-16 19:53:52,a01752a68caee7c8fb2ea92c0ac60d138c443911,5.0,1.0,1.0,0.0
44,Commit,leenooks_phpldapadmin,2014-07-26 03:04:40,ba90f86e7bccd75bf36e544d2a9534bc7fbbbae2,3.0,3.0,1.0,0.0
45,Commit,leenooks_phpldapadmin,2014-07-26 00:36:21,6135f94a51c3fb28851a869067ae3fff8f6c24a9,1.0,1.0,1.0,0.0
46,Commit,leenooks_phpldapadmin,2014-06-05 03:00:27,f7c4bd311a1de5d28afe5daba5fd66b96350a445,0.0,0.0,0.0,0.0
47,Commit,leenooks_phpldapadmin,2014-06-04 08:48:06,c736ecd8c26b360e4764fbd3a472e2fa4b1b3db6,1.0,1.0,1.0,0.0
48,Commit,leenooks_phpldapadmin,2014-06-04 03:43:52,d2a800878f513d02d59a6c6f22083905d977f755,0.0,0.0,0.0,0.0
49,Commit,leenooks_phpldapadmin,2014-05-29 18:57:44,5a7edc892f1b3cccab74ed150f9d6843912a39ee,6.0,5.0,1.0,0.0
50,Commit,leenooks_phpldapadmin,2014-05-13 23:05:39,d258398b68d51f4bee002d691d7d17696f91a05c,0.0,0.0,0.0,0.0
51,Commit,leenooks_phpldapadmin,2014-05-08 12:40:57,b082cf1742b2310d69b2f278f33f6025e2544acb,12.0,2.0,1.0,0.0
52,Commit,leenooks_phpldapadmin,2014-05-08 12:22:30,e673df3ba8d690afbbba28f9ec368e475933efe8,4.0,4.0,1.0,0.0
53,Commit,leenooks_phpldapadmin,2012-10-01 06:54:14,cfbee19721c88033d735dfd802ae68bb6cfdd1fe,1.0,1.0,1.0,0.0
54,Commit,leenooks_phpldapadmin,2012-10-01 06:47:53,092db24f9926d636f4301f41fbb9c48026beaf60,4.0,4.0,1.0,0.0
55,Commit,leenooks_phpldapadmin,2012-09-06 03:00:06,927e515df3ad66f62a81a483d6b4167da3ce00e4,0.0,69654.0,42.0,0.0
56,Commit,leenooks_phpldapadmin,2012-09-05 12:44:46,bbedf18b7e3546ce6a37ff47bc048930e2acedb4,5.0,3.0,2.0,0.0
57,Commit,leenooks_phpldapadmin,2012-09-05 12:18:31,f1ed59a35e3fe44d841bb8ca024094305a437a1a,1.0,1.0,1.0,0.0
58,Commit,leenooks_phpldapadmin,2012-09-05 11:57:17,55fa21af2613cf6079038c77944a0374ec5e19a1,3.0,1.0,1.0,0.0
59,Commit,leenooks_phpldapadmin,2012-09-05 11:54:42,f28d5359481ccd6f343b9891b5f113a3b338f5dc,2.0,2.0,1.0,0.0
60,Commit,leenooks_phpldapadmin,2012-09-05 11:25:50,2f70eb41b3f24b9ec1723634ee8dfac81d66ece2,2.0,2.0,1.0,0.0
61,Commit,leenooks_phpldapadmin,2012-09-05 10:23:17,6b9834a054371066424d3909627e73857df33d34,3.0,2.0,1.0,0.0
62,Commit,leenooks_phpldapadmin,2012-09-05 10:02:14,caf24e36628ec381169b574399f52c90ec9fb3de,3.0,3.0,2.0,0.0
63,Commit,leenooks_phpldapadmin,2012-09-04 05:09:24,c4b6695beb4c1182ca54bd2245f00357584975b5,3.0,1.0,2.0,0.0
64,Commit,leenooks_phpldapadmin,2012-09-02 21:16:34,74434e5ca3fb66018fad60766f833f15689fcbfc,11.0,11.0,3.0,0.0
65,Commit,leenooks_phpldapadmin,2012-09-02 20:19:19,88d41216f957f98bb0a22b1af779df964580fd5c,6.0,3.0,1.0,0.0
66,Commit,leenooks_phpldapadmin,2012-09-01 01:43:14,09c5e3a8da63c650c66af3db87d5ff8621ae3cf1,13.0,1.0,1.0,0.0
67,Commit,leenooks_phpldapadmin,2012-09-01 01:31:38,21959715c3d6f204dd6c35b2e313eb2d4a01d22a,27.0,7.0,1.0,0.0
68,Commit,leenooks_phpldapadmin,2012-08-29 12:01:43,3690ad16f0b52d87420aa761b3c163ee09cdc480,2.0,5.0,1.0,0.0
69,Commit,leenooks_phpldapadmin,2012-01-24 01:38:47,7dc8d57d6952fe681cb9e8818df7f103220457bd,2.0,2.0,1.0,0.0
70,Commit,leenooks_phpldapadmin,2011-10-27 02:07:09,dece0f496fecca4248b73688b2816442cd8bae78,1.0,1.0,1.0,0.0
71,Commit,leenooks_phpldapadmin,2011-10-27 02:06:53,d58f011fbb435db56c2d210b8e340e802291a94b,10677.0,18398.0,38.0,0.0
72,Commit,leenooks_phpldapadmin,2011-10-27 01:55:24,696c266eee2706e815f9c1526c6e4735b4fce1e4,1.0,1.0,1.0,0.0
73,Commit,leenooks_phpldapadmin,2011-10-12 21:18:10,2d018aad7b2cfd8ddf2c0259c27e6a39e54ff93f,62.0,2.0,1.0,0.0
74,Commit,leenooks_phpldapadmin,2011-10-06 05:16:27,cddf783c27ffb364c1263abb53b1c6bc20f0a362,6.0,2.0,1.0,0.0
75,Commit,leenooks_phpldapadmin,2011-10-06 03:29:35,1e1fcabb3de2c8f8b4c909f3ea178d0d4161a6ea,6.0,6.0,3.0,0.0
76,Commit,leenooks_phpldapadmin,2011-10-06 01:31:12,d8ab7fc2f0655889ade1af631eebda2f66b4cc87,17.0,0.0,3.0,0.0
77,Commit,leenooks_phpldapadmin,2011-10-06 01:22:55,56830f1fa470a78516266f534a135695e35c3683,16.0,2.0,3.0,0.0
78,Commit,leenooks_phpldapadmin,2011-10-06 00:57:06,6c8b6237888b3f4c8ed0fcf822821be86abc3a59,5.0,2.0,3.0,0.0
79,Commit,leenooks_phpldapadmin,2011-10-06 00:43:40,7fc4f0c7e429e03c0cdc758e5d1c114ffdd2c9b0,6.0,19.0,3.0,0.0
80,Commit,leenooks_phpldapadmin,2011-10-06 00:06:43,059b83befb820b877eb645444007565f75d82e0e,7.0,3.0,3.0,0.0
81,Commit,leenooks_phpldapadmin,2011-10-05 23:40:41,4089ffa9fe3f46be8f99062a5ad306ad742103c4,8.0,6.0,1.0,0.0
82,Commit,leenooks_phpldapadmin,2011-10-05 22:35:58,c57a927311fdc2c56a0c2bcd7a4866c784f0f508,2.0,2.0,2.0,0.0
83,Commit,leenooks_phpldapadmin,2011-10-05 22:12:54,d5744b055a62e3a871b97a91a82b0df498bcacde,4.0,4.0,1.0,0.0
84,Commit,leenooks_phpldapadmin,2011-10-05 22:03:20,76e6dad13ef77c5448b8dfed1a61e4acc7241165,3.0,2.0,1.0,0.0
85,Commit,leenooks_phpldapadmin,2011-09-08 12:51:02,5d4245f93ae6f065e7535f268e3cd87a23b07744,5.0,4.0,1.0,0.0
86,Commit,leenooks_phpldapadmin,2011-09-08 12:30:35,80d027d56954d23bfe14306e49c32e71ea47dc13,10.0,11.0,3.0,0.0
87,Commit,leenooks_phpldapadmin,2011-07-26 21:30:06,64668e882b8866fae0fa1b25375d1a2f3b4672e2,0.0,4.0,1.0,0.0
88,Commit,leenooks_phpldapadmin,2011-07-07 13:45:21,caeba72171ade4f588fef1818aa4f6243a68b85e,5.0,0.0,1.0,0.0
89,Commit,leenooks_phpldapadmin,2011-07-07 13:12:23,07827304b737ee0202766e85edfaf3ec5d4256ea,3.0,3.0,1.0,0.0
90,Commit,leenooks_phpldapadmin,2011-06-21 03:45:19,446faf78fb7185b88b3caaf3bfafb9105e025cff,19.0,17.0,2.0,0.0
91,Commit,leenooks_phpldapadmin,2011-06-20 10:34:55,afa4a95b3711277d6453fbaad4fd5561d988c54b,67.0,53.0,6.0,0.0
92,Commit,leenooks_phpldapadmin,2011-05-20 13:58:48,5987194dec189947377affafecb739f41712adb8,1.0,1.0,1.0,0.0
93,Commit,leenooks_phpldapadmin,2011-05-20 13:53:39,ddb5ed03464ee93d97f34b6f11958596995504bb,10.0,1.0,3.0,0.0
94,Commit,leenooks_phpldapadmin,2011-05-14 00:42:12,7649b9b82668646f46e3f792dd0b0ccd2c5a1879,12.0,2.0,2.0,0.0
95,Commit,leenooks_phpldapadmin,2011-05-11 09:40:18,43ae011c0e1a8ac7344f7d097e8bd1e726710ae5,1.0,1.0,1.0,0.0
96,Commit,leenooks_phpldapadmin,2011-05-04 00:23:01,92acf6f158fca13e0f2d0bcee6390f74b54cf078,5.0,1.0,1.0,0.0
97,Commit,leenooks_phpldapadmin,2011-05-03 14:02:33,6c93c1fc7237b34170fbd4f8826a167448b0ede0,21.0,11.0,3.0,0.0
98,Commit,leenooks_phpldapadmin,2011-05-03 13:14:16,66e24fb86ce82a30ffa1250eef1c09747255b8dc,42.0,9.0,6.0,0.0
99,Commit,leenooks_phpldapadmin,2011-05-03 10:49:16,a2828b2cf0e73a20cd4abed39ee3060285d5e338,17.0,1.0,3.0,0.0
100,Commit,leenooks_phpldapadmin,2011-05-01 01:39:54,39198250006836f1856231c75d3aca42f1df633f,23.0,6.0,3.0,0.0
101,Commit,leenooks_phpldapadmin,2011-04-30 00:41:15,6eb66414548b8ed8cf29c2ea534ed3b08194c429,1.0,1.0,1.0,0.0
102,Commit,leenooks_phpldapadmin,2011-04-29 11:20:47,41c28213956a7740bc9bda9702cb1fcee946e0bb,1.0,1.0,1.0,0.0
103,Commit,leenooks_phpldapadmin,2011-04-29 08:15:05,caebef364a93227b6c4d09e7f385b22df45a3874,16780.0,9252.0,25.0,0.0
104,Commit,leenooks_phpldapadmin,2011-04-29 04:08:07,1121dd01dfb9d3f86d8850ffb472e3472f5f53ab,16.0,1.0,3.0,0.0
105,Commit,leenooks_phpldapadmin,2011-04-29 03:31:17,775e6f40d438832a813e33adf4c6afd80cf90430,20.0,0.0,1.0,0.0
106,Commit,leenooks_phpldapadmin,2011-04-29 03:25:57,e083f5f8b5a34b418be4d83c42af7928dee5f4bb,7.0,3.0,3.0,0.0
107,Commit,leenooks_phpldapadmin,2011-04-29 03:04:44,c97d4afe1734cc43a77f18b86d67216ebe7e3147,23.0,12.0,1.0,0.0
108,Commit,leenooks_phpldapadmin,2011-04-29 03:04:10,62d645123c1145ffd4ed134a31b89f4c034302d3,1.0,1.0,1.0,0.0
109,Commit,leenooks_phpldapadmin,2011-04-29 02:46:49,880a86f666dce1d2f035a0bf2e8c20ace1688dff,16.0,9.0,3.0,0.0
110,Commit,leenooks_phpldapadmin,2011-04-29 02:08:38,a35298e7f37ebb7c48076f6c3fc2707473c2258e,57.0,29.0,11.0,0.0
111,Commit,leenooks_phpldapadmin,2011-04-28 14:19:53,2ea1fc6314972b89473025f804bd757b62ad083f,8.0,18.0,2.0,0.0
112,Commit,leenooks_phpldapadmin,2011-04-28 13:20:45,c23db377c25f292c537cf8167336d6e47096f1d4,10.0,0.0,1.0,0.0
113,Commit,leenooks_phpldapadmin,2011-04-28 13:20:06,1f9308dc4de77d15f7858bf4a16d9816b3aca028,16.0,10.0,4.0,0.0
114,Commit,leenooks_phpldapadmin,2011-04-28 07:38:14,db241f1c98a193e510f76e420c7278c0e53abebf,19.0,1.0,1.0,0.0
115,Commit,leenooks_phpldapadmin,2011-04-28 01:53:40,b6500224d310dcb35806ed9feb57850c0cc58973,9.0,4.0,2.0,0.0
116,Commit,leenooks_phpldapadmin,2011-04-27 14:22:00,75640ccc3eb5e86b0b2fc1fb196b5331d808fd1b,3.0,3.0,1.0,0.0
117,Commit,leenooks_phpldapadmin,2011-04-27 13:27:31,bf8ac5306eda18b562b0ae0884e810628aa82058,3.0,1.0,1.0,0.0
118,Commit,leenooks_phpldapadmin,2011-04-27 13:09:43,d5c8d42adccdca089dfb294a8960a2e3831eb308,12.0,3.0,2.0,0.0
119,Commit,leenooks_phpldapadmin,2011-04-27 11:53:47,9e9960bc3de30f8384b1e3320307df95b0110df9,28.0,6.0,3.0,0.0
120,Commit,leenooks_phpldapadmin,2011-04-27 07:28:45,4cf6b17ba359e35844b43696c4e71193440ec8ac,2.0,2.0,2.0,0.0
121,Commit,leenooks_phpldapadmin,2011-04-27 06:57:55,04e41f72728ce88a624fac7c4022e7dd0867c54d,1.0,1.0,1.0,0.0
122,Commit,leenooks_phpldapadmin,2011-04-26 14:02:05,6e5ec75b55ab6a87aa4ef9416c21f8a2c9685f0f,4.0,4.0,4.0,0.0
123,Commit,leenooks_phpldapadmin,2011-04-26 13:21:19,97eff7383c6ed2092dadc991470f753507320b5d,2.0,2.0,2.0,0.0
124,Commit,leenooks_phpldapadmin,2011-04-26 12:35:43,fc5885b0d973cf5cf8c321e259db5a1d73ee02b9,1.0,1.0,1.0,0.0
125,Commit,leenooks_phpldapadmin,2011-04-26 11:41:44,c28a609799bde12a5f51f80be6c61dd0d5b27595,1687.0,1129.0,6.0,0.0
126,Commit,leenooks_phpldapadmin,2011-04-26 02:06:33,ea4ae7f83159c51ec386754da04ace1bd0624dbb,1.0,1.0,1.0,0.0
127,Commit,leenooks_phpldapadmin,2011-04-26 01:40:35,be623ce3f5a578ffe5f839c772843c031a37a77d,3.0,2.0,2.0,0.0
128,Commit,leenooks_phpldapadmin,2011-04-26 01:27:32,aa8a353c3825dd9da7e4838c863db6d23ef20013,1.0,1.0,1.0,0.0
129,Commit,leenooks_phpldapadmin,2011-04-26 00:15:41,ed7f89936165758380db62fb3899e37210547258,3.0,3.0,1.0,0.0
130,Commit,leenooks_phpldapadmin,2011-04-26 00:10:43,2cf20fcf44b9e5a148862085cccdb12067bd143f,5.0,4.0,2.0,0.0
131,Commit,leenooks_phpldapadmin,2011-04-25 14:35:40,cc860371d6108bdfb36b8fb97c0ab15412553576,16.0,16.0,1.0,0.0
132,Commit,leenooks_phpldapadmin,2011-04-25 14:11:23,7aba73396120acd62814081a19ec9e76a0138e34,25.0,0.0,2.0,0.0
133,Commit,leenooks_phpldapadmin,2011-04-25 14:10:58,c5f045756e407b9065f2749f69fb4bf1a7cfbd46,2.0,2.0,1.0,0.0
134,Commit,leenooks_phpldapadmin,2010-11-16 11:14:24,b3874bf958678dce3e7785e2fe79c008720cef14,43.0,9.0,3.0,0.0
135,Commit,leenooks_phpldapadmin,2010-11-16 11:05:18,7980d1c1315dfde93f71043947bb97db256afb00,21.0,2.0,1.0,0.0
136,Commit,leenooks_phpldapadmin,2010-11-16 09:55:11,43f31912b6111de799a3ec1ffd2dd98da8b0b022,1.0,1.0,1.0,0.0
137,Commit,leenooks_phpldapadmin,2010-11-16 09:47:07,ab0717e0e386ae352681002a6f7160304d0dc421,13.0,8.0,2.0,0.0
138,Commit,leenooks_phpldapadmin,2010-11-16 09:27:37,f9c56bc4ff781c2fe6b8de08591551f20195706e,6.0,1.0,1.0,0.0
139,Commit,leenooks_phpldapadmin,2010-11-16 09:21:38,6fdab2c308d6bb82a0cdbd1ac85512d8a519ea70,1.0,1.0,1.0,0.0
140,Commit,leenooks_phpldapadmin,2010-11-16 09:06:39,c3a286cfeeeaedba304c6585e100c692c8d429c7,1.0,1.0,1.0,0.0
141,Commit,leenooks_phpldapadmin,2010-11-16 08:43:54,e77d39deb50d75ed4964a4cda30eea6c090b48ff,7.0,3.0,1.0,0.0
142,Commit,leenooks_phpldapadmin,2010-05-17 12:08:52,34e5bbb545d9758f171b9df0b50958f35cafc4c1,1.0,1.0,1.0,0.0
143,Commit,leenooks_phpldapadmin,2010-03-18 02:25:53,7d17676fd7d5fc5114465b0980ab4ea30a6b84de,83.0,34.0,10.0,0.0
144,Commit,leenooks_phpldapadmin,2010-03-18 02:24:04,1c467a61155b633e30b9a72dd27a26459ca4674b,66.0,17.0,4.0,0.0
145,Commit,leenooks_phpldapadmin,2010-03-14 22:37:37,2e8e9625d61b3c617853513cf0096fbb3ffff843,158.0,28.0,10.0,0.0
146,Commit,leenooks_phpldapadmin,2010-03-14 22:37:35,f713afc8d164169516c91b0988531f2accb9bce6,515.0,476.0,33.0,0.0
147,Commit,leenooks_phpldapadmin,2010-03-14 22:37:05,1b55c84f06a490d9fe1a564bf1730b3a9d63c835,5.0,0.0,1.0,0.0
148,Commit,leenooks_phpldapadmin,2010-03-14 22:14:44,206c142b9904652fbf61083492f4484a08c86d93,493.0,706.0,20.0,0.0
149,Commit,leenooks_phpldapadmin,2010-03-14 21:30:18,e4f5c22e18c56f3d406d60ace3ddb8d62e194ccf,2.0,2.0,1.0,0.0
150,Commit,leenooks_phpldapadmin,2010-03-14 12:57:16,0f782569e91e4492fcd424f4111487d29481a09c,4.0,4.0,4.0,0.0
151,Commit,leenooks_phpldapadmin,2010-03-14 12:57:15,7b4d11f1f5a95a672fb4d0130aba5de26c18385a,1.0,1.0,1.0,0.0
152,Commit,leenooks_phpldapadmin,2010-02-23 01:11:15,a1c714bdb875645124ca44a3d4bab7e40b6a0aa8,12.0,1.0,4.0,0.0
153,Commit,leenooks_phpldapadmin,2010-02-19 22:10:14,ac1d121b0d5b2cb5b84f530ec47a98b43dcbb352,35.0,35.0,1.0,0.0
154,Commit,leenooks_phpldapadmin,2010-02-12 22:45:45,9dbf53acf3faf825927ee8d7dcdac27a082114af,2.0,1.0,1.0,0.0
155,Commit,leenooks_phpldapadmin,2010-01-30 05:21:20,5080e204cfa65830acbdbc71fd9f7fcdc0f98d09,1.0,1.0,1.0,0.0
156,Commit,leenooks_phpldapadmin,2010-01-30 05:19:36,b46941f7fdf4a754bb2c9e212485ff9149bc4b7e,4767.0,963.0,20.0,0.0
157,Commit,leenooks_phpldapadmin,2010-01-30 04:59:03,03d11661038a580f2bbaef922cd8e7b12d80066a,1.0,2.0,1.0,0.0
158,Commit,leenooks_phpldapadmin,2010-01-30 04:10:00,676a675c7c7ffa09649a90778628d74f3a721d76,7.0,2.0,1.0,0.0
159,Commit,leenooks_phpldapadmin,2010-01-30 03:57:10,4598d3ae39f45752594ef6f60fc76c2daee11dd6,1.0,4.0,1.0,0.0
160,Commit,leenooks_phpldapadmin,2010-01-30 03:41:57,2416230c6129ff1c4a79f93e766ba01508d81b9b,2.0,2.0,2.0,0.0
161,Commit,leenooks_phpldapadmin,2010-01-30 01:24:46,d90fe5a6fab2b61208d3d3c791819c14242edc87,4.0,0.0,1.0,0.0
162,Commit,leenooks_phpldapadmin,2010-01-30 00:02:54,ec8902a223f2f4aa1190b27f45135b4975e1d7f9,2.0,0.0,2.0,0.0
163,Commit,leenooks_phpldapadmin,2010-01-29 23:58:06,2090e7c34a0d246745498893a9a588bf9c255be5,9.0,9.0,5.0,0.0
164,Commit,leenooks_phpldapadmin,2009-12-22 22:03:13,2393c5d5e3fd19bbcf72e3f5c72f908432c7d188,10.0,7.0,3.0,0.0
165,Commit,leenooks_phpldapadmin,2009-11-21 01:11:45,efd1860a91c02c10e42d521bd28f504cce40ac93,12.0,6.0,3.0,0.0
166,Commit,leenooks_phpldapadmin,2009-11-21 00:17:53,23a2da1f265bbf4064a0a40c3ca1ccf421a57a8e,9.0,15.0,1.0,0.0
167,Commit,leenooks_phpldapadmin,2009-11-21 00:04:37,d4483f961f58ca1b263992c3c42cbbba5ee1a8fd,9.0,8.0,2.0,0.0
168,Commit,leenooks_phpldapadmin,2009-11-20 23:39:09,b1139658bf9d42c2bdf1d843cdd1fa62781102b2,1.0,1.0,1.0,0.0
169,Commit,leenooks_phpldapadmin,2009-11-20 23:36:23,f8cacb7dd01b173cd07219e32cc1dae05ba5a3f4,6.0,6.0,1.0,0.0
170,Commit,leenooks_phpldapadmin,2009-09-20 01:49:27,ee35f81ce57a3180084fc239397053139d4691ad,1.0,1.0,1.0,0.0
171,Commit,leenooks_phpldapadmin,2009-09-20 01:44:28,088ebf4a2b56ba56c1d87684d402122c53334873,1.0,1.0,1.0,0.0
172,Commit,leenooks_phpldapadmin,2009-09-20 01:44:26,a6dc80616b8a6c496eff251471c11613c9ec1e0a,10.0,17.0,2.0,0.0
173,Commit,leenooks_phpldapadmin,2009-09-20 01:44:26,9196bb9e41058a0834de23af1457025c1b85f2a4,1.0,0.0,1.0,0.0
174,Commit,leenooks_phpldapadmin,2009-09-20 01:44:25,7121f560e996e3f38ea74a4c040016afd85064c4,1.0,1.0,1.0,0.0
175,Commit,leenooks_phpldapadmin,2009-09-20 01:44:24,e7466c948ba8ceb1220436f4251f4ac4b7054b6a,1.0,0.0,1.0,0.0
176,Commit,leenooks_phpldapadmin,2009-09-20 01:44:23,f0a6d312ab5681035e7eb05de1dadcd9aec40198,19.0,7.0,5.0,0.0
177,Commit,leenooks_phpldapadmin,2009-09-08 22:08:10,d062308f32806eeda43db3a738bf733cf3cc527c,1.0,0.0,1.0,0.0
178,Commit,leenooks_phpldapadmin,2009-09-08 05:41:32,352a87fee8c32a48184f340685d16f7281957ef4,1.0,1.0,1.0,0.0
179,Commit,leenooks_phpldapadmin,2009-09-08 05:38:49,242d06673af6a576612d7e57019f5e134403874d,2.0,2.0,1.0,0.0
180,Commit,leenooks_phpldapadmin,2009-09-06 14:39:38,a3ac658756cb0150096059320a6748cfead281a2,1.0,1.0,1.0,0.0
181,Commit,leenooks_phpldapadmin,2009-09-06 14:39:06,e83aba595c8583910b4b243eb461aafded5bb450,2884.0,3094.0,12.0,0.0
182,Commit,leenooks_phpldapadmin,2009-09-06 14:13:58,3ffe6878f3ca966a1548b77e9903636949c7d210,3.0,2.0,3.0,0.0
183,Commit,leenooks_phpldapadmin,2009-08-30 02:11:18,02e9f8477ab1f79afa2dee7bd7e87cffbe0ea5fb,32.0,26.0,2.0,0.0
184,Commit,leenooks_phpldapadmin,2009-08-29 02:19:10,259179a1b3cdd654455ade58ec3a5f5530d058a8,13.0,3.0,1.0,0.0
185,Commit,leenooks_phpldapadmin,2009-08-28 14:11:24,96bad27d64f977d6b02a37dd85ea1f5e6eb67197,11.0,11.0,2.0,0.0
186,Commit,leenooks_phpldapadmin,2009-08-28 14:11:23,c69cd68fcb31f69c3d21e2180958bfca9b43a77a,7.0,0.0,2.0,0.0
187,Commit,leenooks_phpldapadmin,2009-08-28 14:11:23,9cb27e3a70f01677fc79f8a6ec4387946b2c05b7,23.0,20.0,10.0,0.0
188,Commit,leenooks_phpldapadmin,2009-08-28 10:06:13,52fbd24b2c1d20cb2b8589905a720a291adc43ac,12.0,128.0,1.0,0.0
189,Commit,leenooks_phpldapadmin,2009-08-28 07:18:08,f83a9225894127cb1871671128d01ad42b16cac3,26.0,26.0,2.0,0.0
190,Commit,leenooks_phpldapadmin,2009-08-28 07:01:15,3e446fddf4335662394d3d5b6dfa11b28e8aa2af,1.0,1.0,1.0,0.0
191,Commit,leenooks_phpldapadmin,2009-08-28 06:31:19,bdb423d0d37d87a52309c91562fe8f6773f68ea1,11.0,3.0,1.0,0.0
192,Commit,leenooks_phpldapadmin,2009-08-28 05:03:24,2c99cc90162ddf1d955e2c46e09c8e85e87edcf7,1.0,0.0,1.0,0.0
193,Commit,leenooks_phpldapadmin,2009-08-22 11:30:50,b93b92f43015da4e168d85e03f841533e31d2468,561.0,3131.0,72.0,0.0
194,Commit,leenooks_phpldapadmin,2009-08-22 03:30:30,26fa2ba2c53c40ab1bb852d44ca8aad04739ac48,39.0,3.0,3.0,0.0
195,Commit,leenooks_phpldapadmin,2009-08-21 13:42:44,76ddeccf8c94ff7d4481c58834e16182c094d552,1.0,1.0,1.0,0.0
196,Commit,leenooks_phpldapadmin,2009-08-21 13:40:21,1336fc21b664378f1c067b66240faff1551910d2,7877.0,5656.0,22.0,0.0
197,Commit,leenooks_phpldapadmin,2009-08-21 08:32:52,356f319291c9fc62c5ab4f1ef3d5b43d9a28c91f,6.0,7.0,1.0,0.0
198,Commit,leenooks_phpldapadmin,2009-08-21 05:02:12,6e6a7a6e4ef51dbe9489aff3b306e1c208de272a,127.0,244.0,9.0,0.0
199,Commit,leenooks_phpldapadmin,2009-08-20 02:25:48,95aedef718736c2cab04bfe8fe6052c2b75a2e83,0.0,184.0,93.0,0.0
200,Commit,leenooks_phpldapadmin,2009-08-19 23:25:34,b0f9fa8806add769de7f90b5a43d0987d5aa4345,1.0,1.0,1.0,0.0
201,Commit,leenooks_phpldapadmin,2009-08-19 12:30:19,ec482c70fe129e0c45995f0601269b08941507b6,1.0,1.0,1.0,0.0
202,Commit,leenooks_phpldapadmin,2009-08-19 12:26:33,9fda881a8e6dd09752a377c520c08d76b3271d09,7.0,1.0,1.0,0.0
203,Commit,leenooks_phpldapadmin,2009-08-19 12:18:00,46c100660bb72c80375630e5ec38c86e99955682,27.0,21.0,2.0,0.0
204,Commit,leenooks_phpldapadmin,2009-08-19 11:20:51,4c56f3e678c50671fc19cf3a1680761fd02311c4,63.0,79.0,3.0,0.0
205,Commit,leenooks_phpldapadmin,2009-08-19 11:19:35,ebe2cb6edadc6e49b06607209c1b856f3db29091,16.0,8.0,4.0,0.0
206,Commit,leenooks_phpldapadmin,2009-08-19 03:39:37,5669c9237189c2e73de321fceb197dc512adf1ad,1480.0,533.0,26.0,0.0
207,Commit,leenooks_phpldapadmin,2009-08-18 09:16:36,0eaf3bb67b12f1b6824ff90d326d6293913ae5a3,5.0,5.0,2.0,0.0
208,Commit,leenooks_phpldapadmin,2009-08-18 09:13:50,9f1a207ebab0f07c44efb60505fa1fbab4532125,5.0,0.0,1.0,0.0
209,Commit,leenooks_phpldapadmin,2009-08-17 06:30:05,5706ad1b4abdec0a522c2fe1c7fdf780c01b7866,6.0,1.0,1.0,0.0
210,Commit,leenooks_phpldapadmin,2009-08-17 06:13:55,ba553353b0292c235246794ad68c26c3e8c6f2ba,42.0,14.0,4.0,0.0
211,Commit,leenooks_phpldapadmin,2009-08-17 05:09:32,803a4c821ab16c870569d54080813d83f24b7f03,13.0,5.0,3.0,0.0
212,Commit,leenooks_phpldapadmin,2009-08-17 00:52:46,a5b9e43a57b369be168c404d91cd9846c7f49647,2.0,1.0,1.0,0.0
213,Commit,leenooks_phpldapadmin,2009-08-17 00:46:22,df404d435af20feb02d3fa9f11e9579eae9376cf,1.0,1.0,1.0,0.0
214,Commit,leenooks_phpldapadmin,2009-08-14 01:47:45,cf4f339b5c2dcef604a3c5d5f28cfc2b5f2b6143,23.0,2.0,3.0,0.0
215,Commit,leenooks_phpldapadmin,2009-08-13 12:04:16,48faaba955aeaae1783cff09c0187c00e803a3b8,517.0,429.0,34.0,0.0
216,Commit,leenooks_phpldapadmin,2009-08-13 11:40:59,898eabaa117cc56587bb2d958af2d8ad7a7c29ab,1.0,1.0,1.0,0.0
217,Commit,leenooks_phpldapadmin,2009-08-13 11:39:43,9eca46d0cc71e66c148dee6c8b2a1744af219553,4.0,2.0,3.0,0.0
218,Commit,leenooks_phpldapadmin,2009-08-13 11:22:41,8a21bbee12ccce2af57158691732104b74f2578c,15.0,9.0,1.0,0.0
219,Commit,leenooks_phpldapadmin,2009-08-12 23:00:04,59c4e7896f45192894591586ffd7f7fb6e47201b,1.0,10.0,1.0,0.0
220,Commit,leenooks_phpldapadmin,2009-08-12 13:54:01,cc3b67b71ae6fd7aaa83a69fccd9223aa552c8bf,43.0,39.0,3.0,0.0
221,Commit,leenooks_phpldapadmin,2009-08-12 13:53:14,a0816d068c931ebf3cd1374f2bbf0427fc5328e4,115.0,105.0,7.0,0.0
222,Commit,leenooks_phpldapadmin,2009-07-27 09:17:40,fb48055d2dde5dffe22f3db542e75d241c4f2352,12.0,3.0,1.0,0.0
223,Commit,leenooks_phpldapadmin,2009-07-27 09:16:12,86c8f130652167524fbda3b1e0b24f339c3cc966,7.0,7.0,7.0,0.0
224,Commit,leenooks_phpldapadmin,2009-07-27 07:19:53,7dd52f82196e9fe0209fd0cd16e473b983b23e5e,1.0,1.0,1.0,0.0
225,Commit,leenooks_phpldapadmin,2009-07-27 07:18:25,29cb4905713fa655c6bdd0eaa7eda000cccc387f,9.0,3.0,3.0,0.0
226,Commit,leenooks_phpldapadmin,2009-07-25 15:21:23,5938302012bca0573d12d8ab070a62b092618e03,134.0,234.0,20.0,0.0
227,Commit,leenooks_phpldapadmin,2009-07-25 15:21:23,196aa0021853ac82ef215e8e5050d8e9ce1db2b6,1.0,1.0,1.0,0.0
228,Commit,leenooks_phpldapadmin,2009-07-25 15:21:23,dc3e477778ef6068a20ea65f03fdc2710405415c,11.0,14.0,1.0,0.0
229,Commit,leenooks_phpldapadmin,2009-07-25 15:21:23,869b9be7e9713a1da3670639394f376ad771c5d2,12.0,2.0,3.0,0.0
230,Commit,leenooks_phpldapadmin,2009-07-25 10:17:36,a1cfa2f60ccee12a63d97343a3340e8576f9d527,1.0,0.0,1.0,0.0
231,Commit,leenooks_phpldapadmin,2009-07-21 14:01:20,3ada58fb7ddb13a6a77d817d5fbb503e29574be0,1.0,1.0,1.0,0.0
232,Commit,leenooks_phpldapadmin,2009-07-21 13:22:43,22bcaf0136af4e52da8ba1b977f070bd81e83853,1.0,1.0,1.0,0.0
233,Commit,leenooks_phpldapadmin,2009-07-21 13:22:00,008b463e8e8fe4ff900bf881a957f4b395c91f0e,5878.0,16761.0,32.0,0.0
234,Commit,leenooks_phpldapadmin,2009-07-21 13:21:43,0de55e552be681b0453995139e61428c0302b6f4,3746.0,0.0,2.0,0.0
235,Commit,leenooks_phpldapadmin,2009-07-21 13:21:25,2725bb16da6698b9f4c53338af163368d75e15cd,3.0,3.0,1.0,0.0
236,Commit,leenooks_phpldapadmin,2009-07-14 09:07:43,bbe87c6e2f8838bbac4c5fd8a71ca6ec3c82b354,102.0,123.0,4.0,0.0
237,Commit,leenooks_phpldapadmin,2009-07-12 13:49:39,45ca83411fb5611a6f65a975f564609575c3ddfa,2.0,1.0,1.0,0.0
238,Commit,leenooks_phpldapadmin,2009-07-12 13:28:46,3c9f63ae6b72e100b7104a3c6f15084d5d3c9b6f,58342.0,15505.0,33.0,0.0
239,Commit,leenooks_phpldapadmin,2009-07-12 12:03:05,0171853f1d3e181422cb32dabce73168634670b9,4.0,2.0,1.0,0.0
240,Commit,leenooks_phpldapadmin,2009-07-12 12:02:30,6627c7bea4feb04a7f94a20c8f2123fec778d546,1.0,1.0,1.0,0.0
241,Commit,leenooks_phpldapadmin,2009-07-12 12:02:19,223086b58e35ba74fba6858a522fda2a03c5adf9,3.0,2.0,1.0,0.0
242,Commit,leenooks_phpldapadmin,2009-07-12 02:28:39,5481f61ce3e2f4e8fc8f71dbde2cbe40248a806d,6.0,30.0,3.0,0.0
243,Commit,leenooks_phpldapadmin,2009-07-12 02:01:59,57d405fe3b49517c7b0844a7b6ea8959b8ed572c,167.0,21.0,4.0,0.0
244,Commit,leenooks_phpldapadmin,2009-07-11 07:20:21,ed4784b1b6dd63a2fd4417797caaec8e7f6e87bc,16.0,8.0,1.0,0.0
245,Commit,leenooks_phpldapadmin,2009-07-11 04:19:04,d364af141f77a3e7d106202a493164192ac41e86,4.0,1.0,1.0,0.0
246,Commit,leenooks_phpldapadmin,2009-07-11 04:15:17,e2c74f9467ac424df3dfc3ad5fac82a1666080d9,3.0,7.0,2.0,0.0
247,Commit,leenooks_phpldapadmin,2009-07-11 00:19:30,0d71a96e345957ce96c3d02b7b63204e45813e78,9.0,0.0,1.0,0.0
248,Commit,leenooks_phpldapadmin,2009-07-11 00:18:48,4eed1d8982625a90d8738cbda0f9681f7b8efdbf,133.0,38.0,6.0,0.0
249,Commit,leenooks_phpldapadmin,2009-07-08 11:29:57,899f83aa170a7b44052e56c17dc1788037094362,1.0,1.0,1.0,0.0
250,Commit,leenooks_phpldapadmin,2009-07-08 11:29:38,775c7751aefae3f4b06efa45b38431d075f2f7e6,3.0,7.0,1.0,0.0
251,Commit,leenooks_phpldapadmin,2009-07-08 10:17:35,664c05decd938bc622207346711c292dee8c0847,2.0,2.0,2.0,0.0
252,Commit,leenooks_phpldapadmin,2009-07-08 10:11:58,ea0fdab6ba32dae2a3c58af559d219e2c265a0e7,922.0,0.0,82.0,0.0
253,Commit,leenooks_phpldapadmin,2009-07-08 10:10:57,1aa88e4dc3c2eb514caad0ded62d8f0a4e0b336f,66.0,66.0,49.0,0.0
254,Commit,leenooks_phpldapadmin,2009-07-08 06:14:50,7273ad292b3b35244065fdfba37cf96c78af4128,96.0,88.0,121.0,0.0
255,Commit,leenooks_phpldapadmin,2009-07-07 11:54:18,b4653e84a218d33e47697a0570c0cdd5392b001d,9.0,5.0,2.0,0.0
256,Commit,leenooks_phpldapadmin,2009-07-07 10:16:28,4cab46a55e8d9fa668a86a62c34aa0acf51c1f2c,365.0,2.0,6.0,0.0
257,Commit,leenooks_phpldapadmin,2009-07-07 10:16:28,e7ce1030c00c63800fe77226d7707e08158289c3,11.0,8.0,1.0,0.0
258,Commit,leenooks_phpldapadmin,2009-07-07 10:16:28,6270967ec029786d3affa631eb613fdb70ce961c,3.0,2.0,1.0,0.0
259,Commit,leenooks_phpldapadmin,2009-07-07 10:16:28,d501393d494ba546e50820d98414827dc2118cbb,197.0,92.0,4.0,0.0
260,Commit,leenooks_phpldapadmin,2009-07-07 10:16:28,08199e67e02b4f2f53108b5572ee71e8397748d5,19.0,20.0,1.0,0.0
261,Commit,leenooks_phpldapadmin,2009-07-07 10:16:28,03bc1ce70e982f1f1fd4ea5ad590de4944cae1a6,6.0,2.0,1.0,0.0
262,Commit,leenooks_phpldapadmin,2009-07-07 10:16:28,fcaa4d8db6872a7790317a3b59ac7a26e9b46a01,1.0,1.0,1.0,0.0
263,Commit,leenooks_phpldapadmin,2009-07-06 08:01:26,ee9533c770ee2cfd0a035763a2da5a571e3d0ed3,0.0,0.0,0.0,0.0
264,Commit,leenooks_phpldapadmin,2009-07-06 07:50:06,07b40c1c34f25bffed375af7ce0a007f68db73e3,6.0,0.0,1.0,0.0
265,Commit,leenooks_phpldapadmin,2009-07-06 07:50:06,84bf604cba411ae5cdc9ee0ad93862e5dce6692c,1.0,1.0,1.0,0.0
266,Commit,leenooks_phpldapadmin,2009-07-06 07:50:06,4f6d661c12ae9b000797aad4e9106908f6e94ac4,42.0,0.0,1.0,0.0
267,Commit,leenooks_phpldapadmin,2009-07-06 07:50:06,97fcaed8f70a987f3b921e907d7923a312360db4,3.0,0.0,1.0,0.0
268,Commit,leenooks_phpldapadmin,2009-07-06 07:50:06,d601121dba522d03bda910093f393c4dfa6f73be,4.0,0.0,1.0,0.0
269,Commit,leenooks_phpldapadmin,2009-07-06 07:50:06,aa2719f8feacc18fad13404ede9ffa743f3544db,79.0,16.0,3.0,0.0
270,Commit,leenooks_phpldapadmin,2009-07-06 07:50:06,54df56bb1abbb0f2abb09037a9d49faf0d7c6381,1.0,1.0,1.0,0.0
271,Commit,leenooks_phpldapadmin,2009-07-06 07:50:05,db2e8861fa4c7c5fe00bee8506b201ff8cd9c72e,6.0,4.0,2.0,0.0
272,Commit,leenooks_phpldapadmin,2009-07-06 00:57:58,c230058d3f6939d2cc9be92a2e05ac71c7853b55,3.0,0.0,1.0,0.0
273,Commit,leenooks_phpldapadmin,2009-07-05 13:40:09,a0ae7bf111042a52c670026631f44e956075bafe,4.0,0.0,1.0,0.0
274,Commit,leenooks_phpldapadmin,2009-07-05 12:13:17,7591eefb70c58352855b56b30406d9a30f10e90e,79.0,16.0,3.0,0.0
275,Commit,leenooks_phpldapadmin,2009-07-05 03:55:53,20bdaa466320a59b39ed14b0e6d9a937ee247c83,1.0,1.0,1.0,0.0
276,Commit,leenooks_phpldapadmin,2009-07-05 03:55:27,640abcbf3b48e5b4778c9d80696653f95e07b2a8,6.0,4.0,2.0,0.0
277,Commit,leenooks_phpldapadmin,2009-07-02 08:35:59,8e8db2e4ed302bddf2ab826f40061d36cf5103b2,16.0,16.0,1.0,0.0
278,Commit,leenooks_phpldapadmin,2009-07-01 06:09:17,ea17aadef46fd29850160987fe7740ceed1381ad,32340.0,47772.0,210.0,0.0
279,Commit,leenooks_phpldapadmin,2009-06-30 12:05:31,388783fc8499b94dc0171b0f7ee6bd66abb03359,444.0,434.0,29.0,0.0
280,Commit,leenooks_phpldapadmin,2009-06-30 11:52:55,647f86562f1b84b4777e91d1cc31cf6aab237a0f,27196.0,14317.0,118.0,0.0
281,Commit,leenooks_phpldapadmin,2009-06-30 11:51:50,d5f4f91f1b0268159bcf071305019566d2411068,1797.0,2073.0,44.0,0.0
282,Commit,leenooks_phpldapadmin,2009-06-30 11:50:46,d5b4aa54ea022cf0a43f92252e1106c1b9e1fa0c,260.0,230.0,15.0,0.0
283,Commit,leenooks_phpldapadmin,2009-06-30 11:48:22,23a33eef99bf5c15e927563d02743a7bcdccc0cb,5.0,2.0,2.0,0.0
284,Commit,leenooks_phpldapadmin,2009-06-30 11:46:44,5c88e0a0989296b00a7e2ecec0af31afa146cec4,1651.0,1650.0,67.0,0.0
285,Commit,leenooks_phpldapadmin,2009-06-30 10:46:41,f990f72eb5242534288b665d928a302fe4ba3872,70.0,30.0,18.0,0.0
286,Commit,leenooks_phpldapadmin,2009-06-30 10:46:00,dd581eb5c88b13bfe6bff7cfbbb7e09ca1104fbb,24073.0,9238.0,191.0,0.0
287,Commit,leenooks_phpldapadmin,2009-06-30 10:41:18,a08bc4e9e1e67a808fad7a0acfc1221f93f535ce,4036.0,719.0,67.0,0.0
288,Commit,leenooks_phpldapadmin,2009-06-30 10:40:33,5f261ded3877250ce99d735c2bd3011b1ff5e67c,345.0,280.0,18.0,0.0
289,Commit,leenooks_phpldapadmin,2009-06-30 10:40:03,eccabca011cb9bc3426b8a49b94e47c4c3b6907c,713.0,726.0,81.0,0.0
290,Commit,leenooks_phpldapadmin,2009-06-30 10:28:51,c3713350e292137d7f5143eacc9a25526606340e,140.0,67.0,15.0,0.0
291,Commit,leenooks_phpldapadmin,2009-06-30 10:28:19,c131e8b47907da3780884f457bb561f13e628d0a,208.0,178.0,34.0,0.0
292,Commit,leenooks_phpldapadmin,2009-06-30 10:27:56,a01f7c8289b5501be43f1a7d1847f0b827419e82,303.0,258.0,15.0,0.0
293,Commit,leenooks_phpldapadmin,2009-06-30 10:27:11,7741110caf874686a552806afbcb2f4c248c3a54,46.0,29.0,6.0,0.0
294,Commit,leenooks_phpldapadmin,2009-06-30 10:26:45,abc62c7fdc08b4c5b5d28a5284e2eb6efe65978f,148.0,62.0,9.0,0.0
295,Commit,leenooks_phpldapadmin,2009-06-30 10:26:08,fdee1bdbd194f0ec98c6388214ad7bf6bc9a77e4,34771.0,34688.0,242.0,0.0
296,Commit,leenooks_phpldapadmin,2009-06-30 09:41:11,1f7f96122f1ca495dea5220670e6d738b1ec543c,231.0,189.0,6.0,0.0
297,Commit,leenooks_phpldapadmin,2009-06-30 09:40:37,b4432711756c87f7ea6d20a1d1e45b881c5b72f9,13619.0,2763.0,203.0,0.0
298,Commit,leenooks_phpldapadmin,2009-06-30 09:39:45,bbcd2cb3b631683144f18d46366a67556a1da45a,0.0,0.0,313.0,0.0
299,Commit,leenooks_phpldapadmin,2009-06-30 09:29:51,df48b8ff9bf5f527b6111677fb23a8a6842f31e9,19517.0,7854.0,152.0,0.0
300,Commit,leenooks_phpldapadmin,2009-06-30 09:22:30,d12096bbd3bccd0b590a0430f4563d7b89464caf,22867.0,4929.0,341.0,0.0
301,Commit,leenooks_phpldapadmin,2009-06-30 08:10:17,0a07abd27ab3dc80eb23cd257545d0e08034e61e,2391.0,1018.0,56.0,0.0
302,Commit,leenooks_phpldapadmin,2009-06-30 08:09:20,92be67a1bf6c51a03c7fa1e2682dfeb8ed0b9ceb,9826.0,2105.0,88.0,0.0
303,Commit,leenooks_phpldapadmin,2009-06-30 08:08:51,082c6b5fee6e1c5353bff7c672ac6248e045c644,0.0,0.0,3.0,0.0
304,Commit,leenooks_phpldapadmin,2009-06-30 08:07:14,ed7caca53b4943672eb61799c82efee2b761078e,4367.0,1400.0,64.0,0.0
305,Commit,leenooks_phpldapadmin,2009-06-30 08:05:37,763843c16a86885947dae98e7c0a68b6b3515d01,6757.0,0.0,77.0,0.0
0,forks,leenooks_phpldapadmin,2014-05-08 13:09:19+00:00,,,,,
1,forks,leenooks_phpldapadmin,2014-06-04 08:44:30+00:00,,,,,
2,forks,leenooks_phpldapadmin,2014-06-07 09:38:22+00:00,,,,,
3,forks,leenooks_phpldapadmin,2014-08-18 19:36:53+00:00,,,,,
4,forks,leenooks_phpldapadmin,2014-08-27 18:05:53+00:00,,,,,
5,forks,leenooks_phpldapadmin,2014-09-11 11:18:15+00:00,,,,,
6,forks,leenooks_phpldapadmin,2014-09-21 08:00:41+00:00,,,,,
7,forks,leenooks_phpldapadmin,2014-09-30 21:26:06+00:00,,,,,
8,forks,leenooks_phpldapadmin,2014-10-07 18:21:24+00:00,,,,,
9,forks,leenooks_phpldapadmin,2014-11-22 03:57:38+00:00,,,,,
10,forks,leenooks_phpldapadmin,2014-11-24 02:27:14+00:00,,,,,
11,forks,leenooks_phpldapadmin,2015-01-09 14:31:28+00:00,,,,,
12,forks,leenooks_phpldapadmin,2015-01-22 14:36:08+00:00,,,,,
13,forks,leenooks_phpldapadmin,2015-01-30 10:29:35+00:00,,,,,
14,forks,leenooks_phpldapadmin,2015-02-20 14:23:41+00:00,,,,,
15,forks,leenooks_phpldapadmin,2015-04-14 20:50:54+00:00,,,,,
16,forks,leenooks_phpldapadmin,2015-05-04 19:34:40+00:00,,,,,
17,forks,leenooks_phpldapadmin,2015-05-25 22:28:02+00:00,,,,,
18,forks,leenooks_phpldapadmin,2015-06-03 19:37:31+00:00,,,,,
19,forks,leenooks_phpldapadmin,2015-06-19 18:26:49+00:00,,,,,
20,forks,leenooks_phpldapadmin,2015-07-01 12:45:30+00:00,,,,,
21,forks,leenooks_phpldapadmin,2015-10-07 17:00:48+00:00,,,,,
22,forks,leenooks_phpldapadmin,2015-11-13 09:05:51+00:00,,,,,
23,forks,leenooks_phpldapadmin,2015-11-23 17:09:31+00:00,,,,,
24,forks,leenooks_phpldapadmin,2015-12-04 07:45:14+00:00,,,,,
25,forks,leenooks_phpldapadmin,2016-01-06 02:01:23+00:00,,,,,
26,forks,leenooks_phpldapadmin,2016-01-21 17:41:15+00:00,,,,,
27,forks,leenooks_phpldapadmin,2016-01-23 09:45:48+00:00,,,,,
28,forks,leenooks_phpldapadmin,2016-01-24 10:28:23+00:00,,,,,
29,forks,leenooks_phpldapadmin,2016-03-16 17:42:07+00:00,,,,,
30,forks,leenooks_phpldapadmin,2016-04-01 06:03:38+00:00,,,,,
31,forks,leenooks_phpldapadmin,2016-04-10 03:28:22+00:00,,,,,
32,forks,leenooks_phpldapadmin,2016-06-23 21:46:47+00:00,,,,,
33,forks,leenooks_phpldapadmin,2016-08-26 02:53:38+00:00,,,,,
34,forks,leenooks_phpldapadmin,2016-09-12 08:58:11+00:00,,,,,
35,forks,leenooks_phpldapadmin,2016-09-22 12:37:39+00:00,,,,,
36,forks,leenooks_phpldapadmin,2017-01-30 09:52:47+00:00,,,,,
37,forks,leenooks_phpldapadmin,2017-02-02 06:38:37+00:00,,,,,
38,forks,leenooks_phpldapadmin,2017-02-10 04:17:00+00:00,,,,,
39,forks,leenooks_phpldapadmin,2017-02-20 21:43:19+00:00,,,,,
40,forks,leenooks_phpldapadmin,2017-02-21 05:31:17+00:00,,,,,
41,forks,leenooks_phpldapadmin,2017-02-22 09:37:36+00:00,,,,,
42,forks,leenooks_phpldapadmin,2017-05-15 18:50:10+00:00,,,,,
43,forks,leenooks_phpldapadmin,2017-06-11 13:38:23+00:00,,,,,
44,forks,leenooks_phpldapadmin,2017-06-30 00:48:21+00:00,,,,,
45,forks,leenooks_phpldapadmin,2017-09-04 14:30:16+00:00,,,,,
46,forks,leenooks_phpldapadmin,2017-09-13 12:58:37+00:00,,,,,
47,forks,leenooks_phpldapadmin,2017-09-19 06:56:54+00:00,,,,,
48,forks,leenooks_phpldapadmin,2017-10-18 06:53:58+00:00,,,,,
49,forks,leenooks_phpldapadmin,2017-10-30 14:09:05+00:00,,,,,
50,forks,leenooks_phpldapadmin,2017-11-19 14:37:54+00:00,,,,,
51,forks,leenooks_phpldapadmin,2017-11-28 01:35:10+00:00,,,,,
52,forks,leenooks_phpldapadmin,2017-12-02 17:07:17+00:00,,,,,
53,forks,leenooks_phpldapadmin,2018-02-11 07:24:54+00:00,,,,,
54,forks,leenooks_phpldapadmin,2018-02-27 18:59:08+00:00,,,,,
55,forks,leenooks_phpldapadmin,2018-03-27 05:16:43+00:00,,,,,
56,forks,leenooks_phpldapadmin,2018-04-13 10:36:55+00:00,,,,,
57,forks,leenooks_phpldapadmin,2018-04-19 10:00:08+00:00,,,,,
58,forks,leenooks_phpldapadmin,2018-04-25 22:34:16+00:00,,,,,
59,forks,leenooks_phpldapadmin,2018-05-11 15:44:23+00:00,,,,,
60,forks,leenooks_phpldapadmin,2018-06-01 12:40:17+00:00,,,,,
61,forks,leenooks_phpldapadmin,2018-06-02 22:38:26+00:00,,,,,
62,forks,leenooks_phpldapadmin,2018-06-22 17:45:56+00:00,,,,,
63,forks,leenooks_phpldapadmin,2018-07-02 10:44:08+00:00,,,,,
64,forks,leenooks_phpldapadmin,2018-07-06 14:58:34+00:00,,,,,
65,forks,leenooks_phpldapadmin,2018-07-17 11:54:53+00:00,,,,,
66,forks,leenooks_phpldapadmin,2018-08-06 16:18:08+00:00,,,,,
67,forks,leenooks_phpldapadmin,2018-08-22 13:02:40+00:00,,,,,
68,forks,leenooks_phpldapadmin,2018-08-31 11:46:06+00:00,,,,,
69,forks,leenooks_phpldapadmin,2018-09-12 17:24:20+00:00,,,,,
70,forks,leenooks_phpldapadmin,2018-09-17 14:41:32+00:00,,,,,
71,forks,leenooks_phpldapadmin,2018-11-16 12:34:03+00:00,,,,,
72,forks,leenooks_phpldapadmin,2018-11-27 00:19:18+00:00,,,,,
73,forks,leenooks_phpldapadmin,2019-01-08 08:56:18+00:00,,,,,
74,forks,leenooks_phpldapadmin,2019-02-03 09:05:27+00:00,,,,,
75,forks,leenooks_phpldapadmin,2019-02-18 14:13:00+00:00,,,,,
76,forks,leenooks_phpldapadmin,2019-02-22 16:17:43+00:00,,,,,
77,forks,leenooks_phpldapadmin,2019-04-19 11:54:15+00:00,,,,,
78,forks,leenooks_phpldapadmin,2019-07-05 17:50:46+00:00,,,,,
79,forks,leenooks_phpldapadmin,2019-07-06 16:32:35+00:00,,,,,
80,forks,leenooks_phpldapadmin,2019-07-24 12:39:35+00:00,,,,,
81,forks,leenooks_phpldapadmin,2019-07-30 15:11:27+00:00,,,,,
82,forks,leenooks_phpldapadmin,2019-08-17 00:11:35+00:00,,,,,
83,forks,leenooks_phpldapadmin,2019-08-17 16:56:48+00:00,,,,,
84,forks,leenooks_phpldapadmin,2019-09-05 20:05:01+00:00,,,,,
85,forks,leenooks_phpldapadmin,2019-09-17 01:48:30+00:00,,,,,
86,forks,leenooks_phpldapadmin,2019-10-20 11:17:06+00:00,,,,,
87,forks,leenooks_phpldapadmin,2019-12-13 20:16:18+00:00,,,,,
88,forks,leenooks_phpldapadmin,2019-12-21 20:36:32+00:00,,,,,
89,forks,leenooks_phpldapadmin,2019-12-30 08:07:44+00:00,,,,,
90,forks,leenooks_phpldapadmin,2020-01-22 17:41:33+00:00,,,,,
91,forks,leenooks_phpldapadmin,2020-01-23 03:49:18+00:00,,,,,
92,forks,leenooks_phpldapadmin,2020-01-24 14:40:42+00:00,,,,,
93,forks,leenooks_phpldapadmin,2020-02-18 09:03:35+00:00,,,,,
94,forks,leenooks_phpldapadmin,2020-02-26 14:31:33+00:00,,,,,
95,forks,leenooks_phpldapadmin,2020-02-27 11:06:19+00:00,,,,,
96,forks,leenooks_phpldapadmin,2020-03-04 14:04:20+00:00,,,,,
97,forks,leenooks_phpldapadmin,2020-03-12 10:16:54+00:00,,,,,
98,forks,leenooks_phpldapadmin,2020-03-24 22:17:13+00:00,,,,,
99,forks,leenooks_phpldapadmin,2020-05-05 11:25:06+00:00,,,,,
100,forks,leenooks_phpldapadmin,2020-05-22 02:14:44+00:00,,,,,
101,forks,leenooks_phpldapadmin,2020-07-07 13:41:51+00:00,,,,,
102,forks,leenooks_phpldapadmin,2020-07-09 08:06:32+00:00,,,,,
103,forks,leenooks_phpldapadmin,2020-07-09 09:37:08+00:00,,,,,
104,forks,leenooks_phpldapadmin,2020-10-01 09:42:20+00:00,,,,,
105,forks,leenooks_phpldapadmin,2020-10-05 11:14:49+00:00,,,,,
106,forks,leenooks_phpldapadmin,2020-11-03 10:11:34+00:00,,,,,
107,forks,leenooks_phpldapadmin,2020-11-11 09:50:31+00:00,,,,,
108,forks,leenooks_phpldapadmin,2020-11-12 15:21:16+00:00,,,,,
109,forks,leenooks_phpldapadmin,2020-11-27 08:01:02+00:00,,,,,
110,forks,leenooks_phpldapadmin,2020-12-03 21:55:06+00:00,,,,,
111,forks,leenooks_phpldapadmin,2020-12-22 23:30:38+00:00,,,,,
112,forks,leenooks_phpldapadmin,2021-01-10 17:21:02+00:00,,,,,
113,forks,leenooks_phpldapadmin,2021-02-10 21:28:44+00:00,,,,,
114,forks,leenooks_phpldapadmin,2021-04-23 09:23:03+00:00,,,,,
115,forks,leenooks_phpldapadmin,2021-09-26 07:04:42+00:00,,,,,
116,forks,leenooks_phpldapadmin,2021-10-19 19:42:48+00:00,,,,,
117,forks,leenooks_phpldapadmin,2021-10-24 08:28:39+00:00,,,,,
118,forks,leenooks_phpldapadmin,2021-11-21 04:49:47+00:00,,,,,
119,forks,leenooks_phpldapadmin,2021-12-01 08:57:21+00:00,,,,,
120,forks,leenooks_phpldapadmin,2021-12-10 11:35:29+00:00,,,,,
121,forks,leenooks_phpldapadmin,2022-01-21 08:44:59+00:00,,,,,
122,forks,leenooks_phpldapadmin,2022-02-11 14:52:55+00:00,,,,,
123,forks,leenooks_phpldapadmin,2022-02-13 09:33:36+00:00,,,,,
124,forks,leenooks_phpldapadmin,2022-02-28 01:07:19+00:00,,,,,
125,forks,leenooks_phpldapadmin,2022-03-21 18:08:12+00:00,,,,,
126,forks,leenooks_phpldapadmin,2022-04-06 16:39:43+00:00,,,,,
127,forks,leenooks_phpldapadmin,2022-04-11 06:59:12+00:00,,,,,
128,forks,leenooks_phpldapadmin,2022-04-27 12:37:17+00:00,,,,,
129,forks,leenooks_phpldapadmin,2022-05-15 23:34:16+00:00,,,,,
130,forks,leenooks_phpldapadmin,2022-06-08 10:19:04+00:00,,,,,
131,forks,leenooks_phpldapadmin,2022-06-24 05:44:17+00:00,,,,,
0,issues,leenooks_phpldapadmin,2014-05-08 01:08:35+00:00,,,,,
1,issues,leenooks_phpldapadmin,2014-08-12 08:58:22+00:00,,,,,
2,issues,leenooks_phpldapadmin,2014-09-27 19:50:57+00:00,,,,,
3,issues,leenooks_phpldapadmin,2014-10-01 18:56:49+00:00,,,,,
4,issues,leenooks_phpldapadmin,2014-10-07 19:38:26+00:00,,,,,
5,issues,leenooks_phpldapadmin,2014-10-07 19:42:09+00:00,,,,,
6,issues,leenooks_phpldapadmin,2014-10-13 08:46:50+00:00,,,,,
7,issues,leenooks_phpldapadmin,2014-10-28 10:13:25+00:00,,,,,
8,issues,leenooks_phpldapadmin,2014-12-17 18:01:38+00:00,,,,,
9,issues,leenooks_phpldapadmin,2015-02-20 14:51:07+00:00,,,,,
10,issues,leenooks_phpldapadmin,2015-03-18 16:38:35+00:00,,,,,
11,issues,leenooks_phpldapadmin,2015-05-09 09:03:03+00:00,,,,,
12,issues,leenooks_phpldapadmin,2015-05-12 09:59:32+00:00,,,,,
13,issues,leenooks_phpldapadmin,2015-08-08 14:40:06+00:00,,,,,
14,issues,leenooks_phpldapadmin,2015-08-12 10:12:37+00:00,,,,,
15,issues,leenooks_phpldapadmin,2015-09-04 12:37:56+00:00,,,,,
16,issues,leenooks_phpldapadmin,2015-09-08 09:01:22+00:00,,,,,
17,issues,leenooks_phpldapadmin,2015-09-18 20:16:52+00:00,,,,,
18,issues,leenooks_phpldapadmin,2015-11-19 12:18:32+00:00,,,,,
19,issues,leenooks_phpldapadmin,2015-12-11 07:18:40+00:00,,,,,
20,issues,leenooks_phpldapadmin,2016-02-25 15:30:46+00:00,,,,,
21,issues,leenooks_phpldapadmin,2016-03-23 12:55:53+00:00,,,,,
22,issues,leenooks_phpldapadmin,2016-07-03 08:28:14+00:00,,,,,
23,issues,leenooks_phpldapadmin,2016-07-09 05:24:51+00:00,,,,,
24,issues,leenooks_phpldapadmin,2016-08-11 00:03:06+00:00,,,,,
25,issues,leenooks_phpldapadmin,2017-01-05 19:45:07+00:00,,,,,
26,issues,leenooks_phpldapadmin,2017-03-22 14:55:52+00:00,,,,,
27,issues,leenooks_phpldapadmin,2017-03-23 10:36:03+00:00,,,,,
28,issues,leenooks_phpldapadmin,2017-04-21 00:34:01+00:00,,,,,
29,issues,leenooks_phpldapadmin,2017-05-24 14:14:01+00:00,,,,,
30,issues,leenooks_phpldapadmin,2017-05-30 15:07:09+00:00,,,,,
31,issues,leenooks_phpldapadmin,2017-06-25 16:22:40+00:00,,,,,
32,issues,leenooks_phpldapadmin,2017-07-08 02:02:33+00:00,,,,,
33,issues,leenooks_phpldapadmin,2017-07-24 17:15:50+00:00,,,,,
34,issues,leenooks_phpldapadmin,2017-07-31 08:08:17+00:00,,,,,
35,issues,leenooks_phpldapadmin,2017-08-04 02:31:59+00:00,,,,,
36,issues,leenooks_phpldapadmin,2017-08-28 17:41:21+00:00,,,,,
37,issues,leenooks_phpldapadmin,2017-09-01 07:59:23+00:00,,,,,
38,issues,leenooks_phpldapadmin,2017-09-18 20:38:51+00:00,,,,,
39,issues,leenooks_phpldapadmin,2017-10-07 21:54:30+00:00,,,,,
40,issues,leenooks_phpldapadmin,2017-12-27 20:04:04+00:00,,,,,
41,issues,leenooks_phpldapadmin,2018-02-05 11:06:04+00:00,,,,,
42,issues,leenooks_phpldapadmin,2018-02-11 19:41:00+00:00,,,,,
43,issues,leenooks_phpldapadmin,2018-07-19 11:20:43+00:00,,,,,
44,issues,leenooks_phpldapadmin,2018-09-17 14:41:08+00:00,,,,,
45,issues,leenooks_phpldapadmin,2018-10-12 07:08:50+00:00,,,,,
46,issues,leenooks_phpldapadmin,2019-02-11 14:51:17+00:00,,,,,
47,issues,leenooks_phpldapadmin,2019-03-16 20:42:31+00:00,,,,,
48,issues,leenooks_phpldapadmin,2019-03-19 10:18:57+00:00,,,,,
49,issues,leenooks_phpldapadmin,2019-06-18 08:58:11+00:00,,,,,
50,issues,leenooks_phpldapadmin,2019-07-04 15:27:15+00:00,,,,,
51,issues,leenooks_phpldapadmin,2019-07-29 20:25:36+00:00,,,,,
52,issues,leenooks_phpldapadmin,2019-07-29 20:26:23+00:00,,,,,
53,issues,leenooks_phpldapadmin,2019-07-29 20:27:20+00:00,,,,,
54,issues,leenooks_phpldapadmin,2019-08-01 19:12:13+00:00,,,,,
55,issues,leenooks_phpldapadmin,2019-08-06 14:16:24+00:00,,,,,
56,issues,leenooks_phpldapadmin,2019-08-16 18:17:42+00:00,,,,,
57,issues,leenooks_phpldapadmin,2019-08-19 12:05:24+00:00,,,,,
58,issues,leenooks_phpldapadmin,2019-10-17 20:40:44+00:00,,,,,
59,issues,leenooks_phpldapadmin,2019-11-13 12:14:51+00:00,,,,,
60,issues,leenooks_phpldapadmin,2019-12-18 20:49:08+00:00,,,,,
61,issues,leenooks_phpldapadmin,2020-01-02 11:22:19+00:00,,,,,
62,issues,leenooks_phpldapadmin,2020-01-29 10:25:06+00:00,,,,,
63,issues,leenooks_phpldapadmin,2020-02-06 09:24:05+00:00,,,,,
64,issues,leenooks_phpldapadmin,2020-02-11 16:23:11+00:00,,,,,
65,issues,leenooks_phpldapadmin,2020-02-21 07:31:43+00:00,,,,,
66,issues,leenooks_phpldapadmin,2020-02-25 05:16:34+00:00,,,,,
67,issues,leenooks_phpldapadmin,2020-02-28 09:43:33+00:00,,,,,
68,issues,leenooks_phpldapadmin,2020-04-06 07:30:35+00:00,,,,,
69,issues,leenooks_phpldapadmin,2020-04-09 22:02:45+00:00,,,,,
70,issues,leenooks_phpldapadmin,2020-04-17 11:38:37+00:00,,,,,
71,issues,leenooks_phpldapadmin,2020-04-25 03:27:35+00:00,,,,,
72,issues,leenooks_phpldapadmin,2020-05-03 13:50:40+00:00,,,,,
73,issues,leenooks_phpldapadmin,2020-05-06 21:02:03+00:00,,,,,
74,issues,leenooks_phpldapadmin,2020-05-11 00:52:31+00:00,,,,,
75,issues,leenooks_phpldapadmin,2020-07-11 10:32:52+00:00,,,,,
76,issues,leenooks_phpldapadmin,2020-07-19 12:46:43+00:00,,,,,
77,issues,leenooks_phpldapadmin,2020-07-21 18:42:19+00:00,,,,,
78,issues,leenooks_phpldapadmin,2020-07-21 18:48:19+00:00,,,,,
79,issues,leenooks_phpldapadmin,2020-07-21 19:00:34+00:00,,,,,
80,issues,leenooks_phpldapadmin,2020-07-21 19:10:31+00:00,,,,,
81,issues,leenooks_phpldapadmin,2020-09-22 15:31:33+00:00,,,,,
82,issues,leenooks_phpldapadmin,2020-10-07 09:02:09+00:00,,,,,
83,issues,leenooks_phpldapadmin,2020-10-10 16:48:58+00:00,,,,,
84,issues,leenooks_phpldapadmin,2020-11-03 15:07:43+00:00,,,,,
85,issues,leenooks_phpldapadmin,2020-11-15 21:34:45+00:00,,,,,
86,issues,leenooks_phpldapadmin,2020-12-01 15:05:22+00:00,,,,,
87,issues,leenooks_phpldapadmin,2020-12-18 18:11:25+00:00,,,,,
88,issues,leenooks_phpldapadmin,2021-01-04 20:12:10+00:00,,,,,
89,issues,leenooks_phpldapadmin,2021-01-15 12:49:45+00:00,,,,,
90,issues,leenooks_phpldapadmin,2021-02-10 13:53:35+00:00,,,,,
91,issues,leenooks_phpldapadmin,2021-02-24 09:25:09+00:00,,,,,
92,issues,leenooks_phpldapadmin,2021-02-24 10:42:40+00:00,,,,,
93,issues,leenooks_phpldapadmin,2021-03-02 08:48:48+00:00,,,,,
94,issues,leenooks_phpldapadmin,2021-05-19 10:00:01+00:00,,,,,
95,issues,leenooks_phpldapadmin,2021-05-29 05:16:40+00:00,,,,,
96,issues,leenooks_phpldapadmin,2021-11-26 09:38:19+00:00,,,,,
97,issues,leenooks_phpldapadmin,2021-12-24 08:34:15+00:00,,,,,
98,issues,leenooks_phpldapadmin,2021-12-26 15:45:53+00:00,,,,,
99,issues,leenooks_phpldapadmin,2022-01-05 18:11:54+00:00,,,,,
100,issues,leenooks_phpldapadmin,2022-01-17 11:11:43+00:00,,,,,
101,issues,leenooks_phpldapadmin,2022-01-17 18:24:47+00:00,,,,,
102,issues,leenooks_phpldapadmin,2022-03-04 11:13:08+00:00,,,,,
103,issues,leenooks_phpldapadmin,2022-03-07 15:27:08+00:00,,,,,
104,issues,leenooks_phpldapadmin,2022-03-21 18:07:01+00:00,,,,,
105,issues,leenooks_phpldapadmin,2022-03-23 04:17:24+00:00,,,,,
106,issues,leenooks_phpldapadmin,2022-05-07 08:24:33+00:00,,,,,
107,issues,leenooks_phpldapadmin,2022-06-27 13:40:16+00:00,,,,,
108,issues,leenooks_phpldapadmin,2022-07-04 13:55:00+00:00,,,,,
0,pullRequests,leenooks_phpldapadmin,2014-05-08 13:27:48+00:00,,,,,
1,pullRequests,leenooks_phpldapadmin,2014-05-29 18:59:38+00:00,,,,,
2,pullRequests,leenooks_phpldapadmin,2014-06-04 08:57:30+00:00,,,,,
3,pullRequests,leenooks_phpldapadmin,2014-07-26 00:36:32+00:00,,,,,
4,pullRequests,leenooks_phpldapadmin,2014-07-26 03:06:21+00:00,,,,,
5,pullRequests,leenooks_phpldapadmin,2014-09-16 20:08:57+00:00,,,,,
6,pullRequests,leenooks_phpldapadmin,2014-09-21 08:12:08+00:00,,,,,
7,pullRequests,leenooks_phpldapadmin,2014-09-30 21:28:42+00:00,,,,,
8,pullRequests,leenooks_phpldapadmin,2014-10-07 18:31:02+00:00,,,,,
9,pullRequests,leenooks_phpldapadmin,2015-01-30 15:02:45+00:00,,,,,
10,pullRequests,leenooks_phpldapadmin,2015-04-15 16:07:31+00:00,,,,,
11,pullRequests,leenooks_phpldapadmin,2015-04-28 23:45:41+00:00,,,,,
12,pullRequests,leenooks_phpldapadmin,2015-12-04 07:52:29+00:00,,,,,
13,pullRequests,leenooks_phpldapadmin,2016-01-24 11:14:04+00:00,,,,,
14,pullRequests,leenooks_phpldapadmin,2016-03-30 19:12:57+00:00,,,,,
15,pullRequests,leenooks_phpldapadmin,2016-08-10 23:38:50+00:00,,,,,
16,pullRequests,leenooks_phpldapadmin,2016-10-08 19:30:11+00:00,,,,,
17,pullRequests,leenooks_phpldapadmin,2018-02-11 07:31:25+00:00,,,,,
18,pullRequests,leenooks_phpldapadmin,2018-04-19 10:11:29+00:00,,,,,
19,pullRequests,leenooks_phpldapadmin,2018-04-20 12:36:00+00:00,,,,,
20,pullRequests,leenooks_phpldapadmin,2018-05-18 14:42:29+00:00,,,,,
21,pullRequests,leenooks_phpldapadmin,2018-06-01 12:46:36+00:00,,,,,
22,pullRequests,leenooks_phpldapadmin,2018-07-17 12:00:23+00:00,,,,,
23,pullRequests,leenooks_phpldapadmin,2018-09-17 14:48:27+00:00,,,,,
24,pullRequests,leenooks_phpldapadmin,2018-10-31 18:05:08+00:00,,,,,
25,pullRequests,leenooks_phpldapadmin,2019-02-18 15:09:45+00:00,,,,,
26,pullRequests,leenooks_phpldapadmin,2019-07-24 13:54:49+00:00,,,,,
27,pullRequests,leenooks_phpldapadmin,2019-07-30 16:05:43+00:00,,,,,
28,pullRequests,leenooks_phpldapadmin,2019-07-31 14:51:33+00:00,,,,,
29,pullRequests,leenooks_phpldapadmin,2019-07-31 15:21:41+00:00,,,,,
30,pullRequests,leenooks_phpldapadmin,2019-08-08 17:30:48+00:00,,,,,
31,pullRequests,leenooks_phpldapadmin,2019-10-06 11:23:01+00:00,,,,,
32,pullRequests,leenooks_phpldapadmin,2019-11-03 21:23:16+00:00,,,,,
33,pullRequests,leenooks_phpldapadmin,2019-11-03 21:23:59+00:00,,,,,
34,pullRequests,leenooks_phpldapadmin,2019-11-03 21:24:17+00:00,,,,,
35,pullRequests,leenooks_phpldapadmin,2019-11-04 18:05:16+00:00,,,,,
36,pullRequests,leenooks_phpldapadmin,2019-12-14 18:29:20+00:00,,,,,
37,pullRequests,leenooks_phpldapadmin,2019-12-21 20:42:32+00:00,,,,,
38,pullRequests,leenooks_phpldapadmin,2020-01-24 16:52:07+00:00,,,,,
39,pullRequests,leenooks_phpldapadmin,2020-07-09 08:19:09+00:00,,,,,
40,pullRequests,leenooks_phpldapadmin,2020-07-09 20:56:54+00:00,,,,,
41,pullRequests,leenooks_phpldapadmin,2020-10-02 20:45:26+00:00,,,,,
42,pullRequests,leenooks_phpldapadmin,2020-10-05 11:57:53+00:00,,,,,
43,pullRequests,leenooks_phpldapadmin,2020-12-03 21:59:20+00:00,,,,,
44,pullRequests,leenooks_phpldapadmin,2021-04-25 01:16:33+00:00,,,,,
45,pullRequests,leenooks_phpldapadmin,2021-12-01 13:12:16+00:00,,,,,
46,pullRequests,leenooks_phpldapadmin,2022-01-14 06:50:07+00:00,,,,,
47,pullRequests,leenooks_phpldapadmin,2022-02-11 14:56:33+00:00,,,,,
48,pullRequests,leenooks_phpldapadmin,2022-03-21 18:11:17+00:00,,,,,
49,pullRequests,leenooks_phpldapadmin,2022-04-27 12:53:42+00:00,,,,,
0,releases,leenooks_phpldapadmin,2021-12-12 02:35:51+00:00,,,,,
0,stargazers,leenooks_phpldapadmin,2012-03-08 22:40:17+00:00,,,,,
1,stargazers,leenooks_phpldapadmin,2013-10-28 09:31:49+00:00,,,,,
2,stargazers,leenooks_phpldapadmin,2014-07-03 13:12:40+00:00,,,,,
3,stargazers,leenooks_phpldapadmin,2014-07-22 02:25:30+00:00,,,,,
4,stargazers,leenooks_phpldapadmin,2014-08-24 13:52:55+00:00,,,,,
5,stargazers,leenooks_phpldapadmin,2014-09-26 04:13:54+00:00,,,,,
6,stargazers,leenooks_phpldapadmin,2014-11-09 10:22:02+00:00,,,,,
7,stargazers,leenooks_phpldapadmin,2014-11-26 06:36:57+00:00,,,,,
8,stargazers,leenooks_phpldapadmin,2014-12-15 03:35:22+00:00,,,,,
9,stargazers,leenooks_phpldapadmin,2015-01-06 20:43:16+00:00,,,,,
10,stargazers,leenooks_phpldapadmin,2015-01-14 16:42:52+00:00,,,,,
11,stargazers,leenooks_phpldapadmin,2015-01-24 13:36:13+00:00,,,,,
12,stargazers,leenooks_phpldapadmin,2015-01-30 06:05:34+00:00,,,,,
13,stargazers,leenooks_phpldapadmin,2015-04-05 08:12:36+00:00,,,,,
14,stargazers,leenooks_phpldapadmin,2015-04-08 14:37:23+00:00,,,,,
15,stargazers,leenooks_phpldapadmin,2015-04-12 17:26:00+00:00,,,,,
16,stargazers,leenooks_phpldapadmin,2015-04-16 00:49:22+00:00,,,,,
17,stargazers,leenooks_phpldapadmin,2015-05-04 18:48:46+00:00,,,,,
18,stargazers,leenooks_phpldapadmin,2015-05-25 01:50:28+00:00,,,,,
19,stargazers,leenooks_phpldapadmin,2015-05-27 09:56:02+00:00,,,,,
20,stargazers,leenooks_phpldapadmin,2015-06-03 09:39:19+00:00,,,,,
21,stargazers,leenooks_phpldapadmin,2015-06-12 14:47:50+00:00,,,,,
22,stargazers,leenooks_phpldapadmin,2015-06-17 12:39:50+00:00,,,,,
23,stargazers,leenooks_phpldapadmin,2015-06-19 17:21:28+00:00,,,,,
24,stargazers,leenooks_phpldapadmin,2015-07-14 03:02:44+00:00,,,,,
25,stargazers,leenooks_phpldapadmin,2015-07-14 09:40:00+00:00,,,,,
26,stargazers,leenooks_phpldapadmin,2015-07-29 03:31:41+00:00,,,,,
27,stargazers,leenooks_phpldapadmin,2015-08-05 08:38:47+00:00,,,,,
28,stargazers,leenooks_phpldapadmin,2015-08-18 08:39:32+00:00,,,,,
29,stargazers,leenooks_phpldapadmin,2015-08-20 09:56:58+00:00,,,,,
30,stargazers,leenooks_phpldapadmin,2015-08-30 03:30:44+00:00,,,,,
31,stargazers,leenooks_phpldapadmin,2015-10-15 10:29:09+00:00,,,,,
32,stargazers,leenooks_phpldapadmin,2015-10-23 12:58:25+00:00,,,,,
33,stargazers,leenooks_phpldapadmin,2015-10-30 17:32:35+00:00,,,,,
34,stargazers,leenooks_phpldapadmin,2015-11-05 12:59:21+00:00,,,,,
35,stargazers,leenooks_phpldapadmin,2015-12-09 21:13:23+00:00,,,,,
36,stargazers,leenooks_phpldapadmin,2015-12-13 08:41:26+00:00,,,,,
37,stargazers,leenooks_phpldapadmin,2015-12-17 12:57:14+00:00,,,,,
38,stargazers,leenooks_phpldapadmin,2016-01-06 01:55:56+00:00,,,,,
39,stargazers,leenooks_phpldapadmin,2016-01-12 09:10:59+00:00,,,,,
40,stargazers,leenooks_phpldapadmin,2016-02-03 09:41:05+00:00,,,,,
41,stargazers,leenooks_phpldapadmin,2016-04-06 21:00:02+00:00,,,,,
42,stargazers,leenooks_phpldapadmin,2016-04-08 15:06:50+00:00,,,,,
43,stargazers,leenooks_phpldapadmin,2016-04-15 08:13:04+00:00,,,,,
44,stargazers,leenooks_phpldapadmin,2016-04-19 03:40:47+00:00,,,,,
45,stargazers,leenooks_phpldapadmin,2016-04-20 15:50:44+00:00,,,,,
46,stargazers,leenooks_phpldapadmin,2016-05-23 09:33:48+00:00,,,,,
47,stargazers,leenooks_phpldapadmin,2016-06-08 05:48:29+00:00,,,,,
48,stargazers,leenooks_phpldapadmin,2016-06-13 03:31:18+00:00,,,,,
49,stargazers,leenooks_phpldapadmin,2016-06-20 04:07:00+00:00,,,,,
50,stargazers,leenooks_phpldapadmin,2016-07-03 08:25:14+00:00,,,,,
51,stargazers,leenooks_phpldapadmin,2016-07-05 07:19:02+00:00,,,,,
52,stargazers,leenooks_phpldapadmin,2016-07-06 08:27:28+00:00,,,,,
53,stargazers,leenooks_phpldapadmin,2016-07-23 08:34:13+00:00,,,,,
54,stargazers,leenooks_phpldapadmin,2016-08-12 03:59:36+00:00,,,,,
55,stargazers,leenooks_phpldapadmin,2016-08-26 02:53:13+00:00,,,,,
56,stargazers,leenooks_phpldapadmin,2016-10-08 09:04:52+00:00,,,,,
57,stargazers,leenooks_phpldapadmin,2016-11-01 05:44:23+00:00,,,,,
58,stargazers,leenooks_phpldapadmin,2016-11-01 14:11:48+00:00,,,,,
59,stargazers,leenooks_phpldapadmin,2016-11-05 21:43:18+00:00,,,,,
60,stargazers,leenooks_phpldapadmin,2016-12-02 15:03:02+00:00,,,,,
61,stargazers,leenooks_phpldapadmin,2016-12-10 10:14:29+00:00,,,,,
62,stargazers,leenooks_phpldapadmin,2017-01-19 02:58:48+00:00,,,,,
63,stargazers,leenooks_phpldapadmin,2017-02-10 15:36:33+00:00,,,,,
64,stargazers,leenooks_phpldapadmin,2017-02-21 12:36:43+00:00,,,,,
65,stargazers,leenooks_phpldapadmin,2017-02-22 11:55:29+00:00,,,,,
66,stargazers,leenooks_phpldapadmin,2017-02-24 11:08:29+00:00,,,,,
67,stargazers,leenooks_phpldapadmin,2017-03-01 13:13:32+00:00,,,,,
68,stargazers,leenooks_phpldapadmin,2017-04-22 15:12:48+00:00,,,,,
69,stargazers,leenooks_phpldapadmin,2017-05-15 18:49:15+00:00,,,,,
70,stargazers,leenooks_phpldapadmin,2017-06-12 01:46:43+00:00,,,,,
71,stargazers,leenooks_phpldapadmin,2017-07-25 06:45:28+00:00,,,,,
72,stargazers,leenooks_phpldapadmin,2017-09-13 12:33:29+00:00,,,,,
73,stargazers,leenooks_phpldapadmin,2017-09-13 12:58:36+00:00,,,,,
74,stargazers,leenooks_phpldapadmin,2017-09-15 04:40:18+00:00,,,,,
75,stargazers,leenooks_phpldapadmin,2017-09-16 16:34:18+00:00,,,,,
76,stargazers,leenooks_phpldapadmin,2017-09-24 10:41:58+00:00,,,,,
77,stargazers,leenooks_phpldapadmin,2017-10-09 08:21:25+00:00,,,,,
78,stargazers,leenooks_phpldapadmin,2017-10-17 21:32:34+00:00,,,,,
79,stargazers,leenooks_phpldapadmin,2017-10-19 12:02:45+00:00,,,,,
80,stargazers,leenooks_phpldapadmin,2017-10-24 06:02:55+00:00,,,,,
81,stargazers,leenooks_phpldapadmin,2017-10-30 14:09:03+00:00,,,,,
82,stargazers,leenooks_phpldapadmin,2017-10-30 14:30:02+00:00,,,,,
83,stargazers,leenooks_phpldapadmin,2017-10-31 04:30:36+00:00,,,,,
84,stargazers,leenooks_phpldapadmin,2017-11-01 21:39:12+00:00,,,,,
85,stargazers,leenooks_phpldapadmin,2017-11-07 00:37:59+00:00,,,,,
86,stargazers,leenooks_phpldapadmin,2017-11-11 03:07:59+00:00,,,,,
87,stargazers,leenooks_phpldapadmin,2017-11-23 12:13:06+00:00,,,,,
88,stargazers,leenooks_phpldapadmin,2017-12-02 17:06:41+00:00,,,,,
89,stargazers,leenooks_phpldapadmin,2017-12-05 14:53:01+00:00,,,,,
90,stargazers,leenooks_phpldapadmin,2018-01-23 13:11:39+00:00,,,,,
91,stargazers,leenooks_phpldapadmin,2018-02-01 03:40:45+00:00,,,,,
92,stargazers,leenooks_phpldapadmin,2018-02-02 02:31:56+00:00,,,,,
93,stargazers,leenooks_phpldapadmin,2018-02-02 06:11:31+00:00,,,,,
94,stargazers,leenooks_phpldapadmin,2018-02-06 20:59:23+00:00,,,,,
95,stargazers,leenooks_phpldapadmin,2018-02-18 15:42:07+00:00,,,,,
96,stargazers,leenooks_phpldapadmin,2018-02-19 07:22:59+00:00,,,,,
97,stargazers,leenooks_phpldapadmin,2018-02-23 14:23:03+00:00,,,,,
98,stargazers,leenooks_phpldapadmin,2018-02-28 17:55:18+00:00,,,,,
99,stargazers,leenooks_phpldapadmin,2018-03-24 13:18:50+00:00,,,,,
100,stargazers,leenooks_phpldapadmin,2018-04-21 19:05:54+00:00,,,,,
101,stargazers,leenooks_phpldapadmin,2018-04-22 10:28:44+00:00,,,,,
102,stargazers,leenooks_phpldapadmin,2018-05-11 15:44:19+00:00,,,,,
103,stargazers,leenooks_phpldapadmin,2018-06-07 15:28:34+00:00,,,,,
104,stargazers,leenooks_phpldapadmin,2018-06-18 19:56:05+00:00,,,,,
105,stargazers,leenooks_phpldapadmin,2018-06-21 13:03:58+00:00,,,,,
106,stargazers,leenooks_phpldapadmin,2018-07-13 02:00:39+00:00,,,,,
107,stargazers,leenooks_phpldapadmin,2018-07-20 11:06:06+00:00,,,,,
108,stargazers,leenooks_phpldapadmin,2018-08-29 13:31:58+00:00,,,,,
109,stargazers,leenooks_phpldapadmin,2018-08-31 22:33:06+00:00,,,,,
110,stargazers,leenooks_phpldapadmin,2018-09-06 02:36:06+00:00,,,,,
111,stargazers,leenooks_phpldapadmin,2018-09-06 09:05:59+00:00,,,,,
112,stargazers,leenooks_phpldapadmin,2018-09-21 08:41:11+00:00,,,,,
113,stargazers,leenooks_phpldapadmin,2018-10-29 17:35:45+00:00,,,,,
114,stargazers,leenooks_phpldapadmin,2018-12-02 15:50:40+00:00,,,,,
115,stargazers,leenooks_phpldapadmin,2018-12-31 08:48:09+00:00,,,,,
116,stargazers,leenooks_phpldapadmin,2019-01-17 17:15:39+00:00,,,,,
117,stargazers,leenooks_phpldapadmin,2019-01-22 17:31:48+00:00,,,,,
118,stargazers,leenooks_phpldapadmin,2019-03-25 11:34:22+00:00,,,,,
119,stargazers,leenooks_phpldapadmin,2019-03-28 15:59:37+00:00,,,,,
120,stargazers,leenooks_phpldapadmin,2019-04-03 06:35:46+00:00,,,,,
121,stargazers,leenooks_phpldapadmin,2019-04-16 00:07:01+00:00,,,,,
122,stargazers,leenooks_phpldapadmin,2019-04-22 03:02:14+00:00,,,,,
123,stargazers,leenooks_phpldapadmin,2019-05-06 02:32:00+00:00,,,,,
124,stargazers,leenooks_phpldapadmin,2019-05-17 02:31:58+00:00,,,,,
125,stargazers,leenooks_phpldapadmin,2019-05-17 15:24:30+00:00,,,,,
126,stargazers,leenooks_phpldapadmin,2019-05-21 09:10:53+00:00,,,,,
127,stargazers,leenooks_phpldapadmin,2019-05-28 13:06:38+00:00,,,,,
128,stargazers,leenooks_phpldapadmin,2019-06-12 07:54:11+00:00,,,,,
129,stargazers,leenooks_phpldapadmin,2019-06-13 03:15:37+00:00,,,,,
130,stargazers,leenooks_phpldapadmin,2019-06-17 14:53:36+00:00,,,,,
131,stargazers,leenooks_phpldapadmin,2019-06-28 07:17:04+00:00,,,,,
132,stargazers,leenooks_phpldapadmin,2019-07-14 19:54:38+00:00,,,,,
133,stargazers,leenooks_phpldapadmin,2019-08-07 05:55:24+00:00,,,,,
134,stargazers,leenooks_phpldapadmin,2019-08-08 18:51:22+00:00,,,,,
135,stargazers,leenooks_phpldapadmin,2019-08-08 20:03:18+00:00,,,,,
136,stargazers,leenooks_phpldapadmin,2019-08-10 00:24:55+00:00,,,,,
137,stargazers,leenooks_phpldapadmin,2019-09-03 16:44:03+00:00,,,,,
138,stargazers,leenooks_phpldapadmin,2019-09-06 18:14:43+00:00,,,,,
139,stargazers,leenooks_phpldapadmin,2019-09-08 19:43:18+00:00,,,,,
140,stargazers,leenooks_phpldapadmin,2019-09-11 09:08:44+00:00,,,,,
141,stargazers,leenooks_phpldapadmin,2019-09-16 09:44:04+00:00,,,,,
142,stargazers,leenooks_phpldapadmin,2019-09-24 15:40:30+00:00,,,,,
143,stargazers,leenooks_phpldapadmin,2019-10-04 20:09:24+00:00,,,,,
144,stargazers,leenooks_phpldapadmin,2019-10-07 02:42:41+00:00,,,,,
145,stargazers,leenooks_phpldapadmin,2019-10-07 11:58:18+00:00,,,,,
146,stargazers,leenooks_phpldapadmin,2019-10-08 06:27:31+00:00,,,,,
147,stargazers,leenooks_phpldapadmin,2019-10-11 07:25:36+00:00,,,,,
148,stargazers,leenooks_phpldapadmin,2019-10-29 13:59:05+00:00,,,,,
149,stargazers,leenooks_phpldapadmin,2019-11-08 23:21:45+00:00,,,,,
150,stargazers,leenooks_phpldapadmin,2019-11-10 19:28:55+00:00,,,,,
151,stargazers,leenooks_phpldapadmin,2019-11-12 22:30:50+00:00,,,,,
152,stargazers,leenooks_phpldapadmin,2019-11-15 07:09:37+00:00,,,,,
153,stargazers,leenooks_phpldapadmin,2019-11-15 11:15:25+00:00,,,,,
154,stargazers,leenooks_phpldapadmin,2019-11-30 00:42:40+00:00,,,,,
155,stargazers,leenooks_phpldapadmin,2019-12-06 04:23:55+00:00,,,,,
156,stargazers,leenooks_phpldapadmin,2019-12-09 19:19:47+00:00,,,,,
157,stargazers,leenooks_phpldapadmin,2019-12-30 11:10:25+00:00,,,,,
158,stargazers,leenooks_phpldapadmin,2019-12-30 13:53:03+00:00,,,,,
159,stargazers,leenooks_phpldapadmin,2020-01-02 12:17:02+00:00,,,,,
160,stargazers,leenooks_phpldapadmin,2020-01-15 11:28:59+00:00,,,,,
161,stargazers,leenooks_phpldapadmin,2020-01-16 12:22:45+00:00,,,,,
162,stargazers,leenooks_phpldapadmin,2020-01-22 01:31:36+00:00,,,,,
163,stargazers,leenooks_phpldapadmin,2020-01-22 17:09:13+00:00,,,,,
164,stargazers,leenooks_phpldapadmin,2020-01-23 03:49:16+00:00,,,,,
165,stargazers,leenooks_phpldapadmin,2020-01-31 13:19:23+00:00,,,,,
166,stargazers,leenooks_phpldapadmin,2020-01-31 14:38:12+00:00,,,,,
167,stargazers,leenooks_phpldapadmin,2020-02-02 02:01:07+00:00,,,,,
168,stargazers,leenooks_phpldapadmin,2020-02-02 20:21:20+00:00,,,,,
169,stargazers,leenooks_phpldapadmin,2020-02-04 21:46:33+00:00,,,,,
170,stargazers,leenooks_phpldapadmin,2020-02-14 17:20:59+00:00,,,,,
171,stargazers,leenooks_phpldapadmin,2020-02-20 14:34:19+00:00,,,,,
172,stargazers,leenooks_phpldapadmin,2020-03-01 08:27:22+00:00,,,,,
173,stargazers,leenooks_phpldapadmin,2020-03-05 10:22:21+00:00,,,,,
174,stargazers,leenooks_phpldapadmin,2020-03-15 14:58:25+00:00,,,,,
175,stargazers,leenooks_phpldapadmin,2020-03-21 09:36:29+00:00,,,,,
176,stargazers,leenooks_phpldapadmin,2020-03-26 11:50:24+00:00,,,,,
177,stargazers,leenooks_phpldapadmin,2020-03-28 18:42:15+00:00,,,,,
178,stargazers,leenooks_phpldapadmin,2020-03-31 18:23:36+00:00,,,,,
179,stargazers,leenooks_phpldapadmin,2020-04-02 10:35:28+00:00,,,,,
180,stargazers,leenooks_phpldapadmin,2020-04-15 06:04:07+00:00,,,,,
181,stargazers,leenooks_phpldapadmin,2020-04-18 15:47:47+00:00,,,,,
182,stargazers,leenooks_phpldapadmin,2020-04-19 08:32:48+00:00,,,,,
183,stargazers,leenooks_phpldapadmin,2020-04-23 11:03:52+00:00,,,,,
184,stargazers,leenooks_phpldapadmin,2020-05-03 17:51:41+00:00,,,,,
185,stargazers,leenooks_phpldapadmin,2020-05-10 13:25:29+00:00,,,,,
186,stargazers,leenooks_phpldapadmin,2020-05-18 07:48:12+00:00,,,,,
187,stargazers,leenooks_phpldapadmin,2020-05-21 13:42:44+00:00,,,,,
188,stargazers,leenooks_phpldapadmin,2020-05-25 10:54:46+00:00,,,,,
189,stargazers,leenooks_phpldapadmin,2020-05-26 09:24:28+00:00,,,,,
190,stargazers,leenooks_phpldapadmin,2020-05-31 16:19:33+00:00,,,,,
191,stargazers,leenooks_phpldapadmin,2020-06-02 17:02:35+00:00,,,,,
192,stargazers,leenooks_phpldapadmin,2020-06-10 03:04:51+00:00,,,,,
193,stargazers,leenooks_phpldapadmin,2020-06-11 08:30:09+00:00,,,,,
194,stargazers,leenooks_phpldapadmin,2020-06-15 10:37:03+00:00,,,,,
195,stargazers,leenooks_phpldapadmin,2020-06-16 17:30:25+00:00,,,,,
196,stargazers,leenooks_phpldapadmin,2020-06-26 09:17:30+00:00,,,,,
197,stargazers,leenooks_phpldapadmin,2020-06-26 10:01:34+00:00,,,,,
198,stargazers,leenooks_phpldapadmin,2020-07-06 06:52:15+00:00,,,,,
199,stargazers,leenooks_phpldapadmin,2020-07-07 13:41:48+00:00,,,,,
200,stargazers,leenooks_phpldapadmin,2020-07-17 08:20:07+00:00,,,,,
201,stargazers,leenooks_phpldapadmin,2020-07-17 10:24:12+00:00,,,,,
202,stargazers,leenooks_phpldapadmin,2020-07-21 10:14:46+00:00,,,,,
203,stargazers,leenooks_phpldapadmin,2020-07-23 02:07:10+00:00,,,,,
204,stargazers,leenooks_phpldapadmin,2020-07-24 08:12:25+00:00,,,,,
205,stargazers,leenooks_phpldapadmin,2020-08-05 05:28:23+00:00,,,,,
206,stargazers,leenooks_phpldapadmin,2020-08-15 16:16:59+00:00,,,,,
207,stargazers,leenooks_phpldapadmin,2020-08-21 15:23:46+00:00,,,,,
208,stargazers,leenooks_phpldapadmin,2020-08-24 12:27:52+00:00,,,,,
209,stargazers,leenooks_phpldapadmin,2020-09-02 08:03:49+00:00,,,,,
210,stargazers,leenooks_phpldapadmin,2020-09-10 10:23:08+00:00,,,,,
211,stargazers,leenooks_phpldapadmin,2020-09-16 07:05:28+00:00,,,,,
212,stargazers,leenooks_phpldapadmin,2020-09-17 07:48:43+00:00,,,,,
213,stargazers,leenooks_phpldapadmin,2020-09-20 18:41:57+00:00,,,,,
214,stargazers,leenooks_phpldapadmin,2020-09-29 07:55:57+00:00,,,,,
215,stargazers,leenooks_phpldapadmin,2020-10-01 13:36:49+00:00,,,,,
216,stargazers,leenooks_phpldapadmin,2020-10-02 11:20:22+00:00,,,,,
217,stargazers,leenooks_phpldapadmin,2020-10-09 12:20:30+00:00,,,,,
218,stargazers,leenooks_phpldapadmin,2020-10-17 14:16:20+00:00,,,,,
219,stargazers,leenooks_phpldapadmin,2020-10-18 22:01:33+00:00,,,,,
220,stargazers,leenooks_phpldapadmin,2020-10-21 14:27:24+00:00,,,,,
221,stargazers,leenooks_phpldapadmin,2020-10-23 18:19:56+00:00,,,,,
222,stargazers,leenooks_phpldapadmin,2020-10-26 18:44:06+00:00,,,,,
223,stargazers,leenooks_phpldapadmin,2020-10-29 16:27:45+00:00,,,,,
224,stargazers,leenooks_phpldapadmin,2020-10-30 12:24:59+00:00,,,,,
225,stargazers,leenooks_phpldapadmin,2020-11-02 13:03:33+00:00,,,,,
226,stargazers,leenooks_phpldapadmin,2020-11-04 03:58:13+00:00,,,,,
227,stargazers,leenooks_phpldapadmin,2020-11-04 14:15:08+00:00,,,,,
228,stargazers,leenooks_phpldapadmin,2020-11-04 15:16:27+00:00,,,,,
229,stargazers,leenooks_phpldapadmin,2020-11-04 18:51:34+00:00,,,,,
230,stargazers,leenooks_phpldapadmin,2020-11-16 10:40:15+00:00,,,,,
231,stargazers,leenooks_phpldapadmin,2020-11-30 05:12:04+00:00,,,,,
232,stargazers,leenooks_phpldapadmin,2020-12-02 08:29:14+00:00,,,,,
233,stargazers,leenooks_phpldapadmin,2020-12-02 11:23:59+00:00,,,,,
234,stargazers,leenooks_phpldapadmin,2020-12-03 16:43:43+00:00,,,,,
235,stargazers,leenooks_phpldapadmin,2020-12-04 18:13:11+00:00,,,,,
236,stargazers,leenooks_phpldapadmin,2020-12-05 15:57:40+00:00,,,,,
237,stargazers,leenooks_phpldapadmin,2020-12-07 11:54:52+00:00,,,,,
238,stargazers,leenooks_phpldapadmin,2020-12-10 03:53:25+00:00,,,,,
239,stargazers,leenooks_phpldapadmin,2020-12-14 16:32:49+00:00,,,,,
240,stargazers,leenooks_phpldapadmin,2020-12-17 06:58:10+00:00,,,,,
241,stargazers,leenooks_phpldapadmin,2020-12-22 09:04:19+00:00,,,,,
242,stargazers,leenooks_phpldapadmin,2020-12-23 14:07:13+00:00,,,,,
243,stargazers,leenooks_phpldapadmin,2021-01-05 02:30:09+00:00,,,,,
244,stargazers,leenooks_phpldapadmin,2021-01-07 08:32:45+00:00,,,,,
245,stargazers,leenooks_phpldapadmin,2021-01-08 07:11:50+00:00,,,,,
246,stargazers,leenooks_phpldapadmin,2021-01-15 11:07:55+00:00,,,,,
247,stargazers,leenooks_phpldapadmin,2021-01-21 11:33:51+00:00,,,,,
248,stargazers,leenooks_phpldapadmin,2021-01-22 05:00:16+00:00,,,,,
249,stargazers,leenooks_phpldapadmin,2021-01-28 17:14:34+00:00,,,,,
250,stargazers,leenooks_phpldapadmin,2021-01-29 22:18:33+00:00,,,,,
251,stargazers,leenooks_phpldapadmin,2021-02-08 22:53:30+00:00,,,,,
252,stargazers,leenooks_phpldapadmin,2021-02-14 14:58:23+00:00,,,,,
253,stargazers,leenooks_phpldapadmin,2021-02-16 16:21:34+00:00,,,,,
254,stargazers,leenooks_phpldapadmin,2021-02-17 18:52:30+00:00,,,,,
255,stargazers,leenooks_phpldapadmin,2021-02-21 04:28:40+00:00,,,,,
256,stargazers,leenooks_phpldapadmin,2021-02-26 14:15:54+00:00,,,,,
257,stargazers,leenooks_phpldapadmin,2021-03-04 13:57:11+00:00,,,,,
258,stargazers,leenooks_phpldapadmin,2021-03-05 07:41:06+00:00,,,,,
259,stargazers,leenooks_phpldapadmin,2021-03-09 18:50:08+00:00,,,,,
260,stargazers,leenooks_phpldapadmin,2021-03-10 08:43:35+00:00,,,,,
261,stargazers,leenooks_phpldapadmin,2021-03-16 15:18:41+00:00,,,,,
262,stargazers,leenooks_phpldapadmin,2021-03-17 14:34:27+00:00,,,,,
263,stargazers,leenooks_phpldapadmin,2021-03-22 15:59:58+00:00,,,,,
264,stargazers,leenooks_phpldapadmin,2021-03-23 13:22:58+00:00,,,,,
265,stargazers,leenooks_phpldapadmin,2021-04-15 10:05:25+00:00,,,,,
266,stargazers,leenooks_phpldapadmin,2021-04-15 15:56:11+00:00,,,,,
267,stargazers,leenooks_phpldapadmin,2021-04-28 04:22:36+00:00,,,,,
268,stargazers,leenooks_phpldapadmin,2021-05-10 21:10:10+00:00,,,,,
269,stargazers,leenooks_phpldapadmin,2021-05-10 22:42:13+00:00,,,,,
270,stargazers,leenooks_phpldapadmin,2021-05-11 02:52:30+00:00,,,,,
271,stargazers,leenooks_phpldapadmin,2021-05-13 05:28:58+00:00,,,,,
272,stargazers,leenooks_phpldapadmin,2021-05-15 19:21:34+00:00,,,,,
273,stargazers,leenooks_phpldapadmin,2021-05-18 12:35:32+00:00,,,,,
274,stargazers,leenooks_phpldapadmin,2021-05-24 11:09:52+00:00,,,,,
275,stargazers,leenooks_phpldapadmin,2021-05-31 18:23:59+00:00,,,,,
276,stargazers,leenooks_phpldapadmin,2021-06-02 12:11:00+00:00,,,,,
277,stargazers,leenooks_phpldapadmin,2021-06-03 00:14:46+00:00,,,,,
278,stargazers,leenooks_phpldapadmin,2021-06-08 18:08:59+00:00,,,,,
279,stargazers,leenooks_phpldapadmin,2021-06-09 00:14:39+00:00,,,,,
280,stargazers,leenooks_phpldapadmin,2021-06-12 14:10:25+00:00,,,,,
281,stargazers,leenooks_phpldapadmin,2021-06-25 06:20:41+00:00,,,,,
282,stargazers,leenooks_phpldapadmin,2021-07-06 07:14:50+00:00,,,,,
283,stargazers,leenooks_phpldapadmin,2021-07-28 01:35:48+00:00,,,,,
284,stargazers,leenooks_phpldapadmin,2021-08-02 02:12:39+00:00,,,,,
285,stargazers,leenooks_phpldapadmin,2021-08-03 13:59:13+00:00,,,,,
286,stargazers,leenooks_phpldapadmin,2021-08-10 07:36:20+00:00,,,,,
287,stargazers,leenooks_phpldapadmin,2021-08-11 03:42:56+00:00,,,,,
288,stargazers,leenooks_phpldapadmin,2021-08-14 15:32:51+00:00,,,,,
289,stargazers,leenooks_phpldapadmin,2021-08-19 04:23:29+00:00,,,,,
290,stargazers,leenooks_phpldapadmin,2021-08-23 16:04:24+00:00,,,,,
291,stargazers,leenooks_phpldapadmin,2021-08-28 01:19:03+00:00,,,,,
292,stargazers,leenooks_phpldapadmin,2021-09-04 12:47:19+00:00,,,,,
293,stargazers,leenooks_phpldapadmin,2021-09-10 19:52:29+00:00,,,,,
294,stargazers,leenooks_phpldapadmin,2021-09-12 01:30:00+00:00,,,,,
295,stargazers,leenooks_phpldapadmin,2021-09-22 19:43:06+00:00,,,,,
296,stargazers,leenooks_phpldapadmin,2021-09-26 02:12:42+00:00,,,,,
297,stargazers,leenooks_phpldapadmin,2021-09-28 02:43:12+00:00,,,,,
298,stargazers,leenooks_phpldapadmin,2021-11-05 23:22:18+00:00,,,,,
299,stargazers,leenooks_phpldapadmin,2021-11-21 04:49:45+00:00,,,,,
300,stargazers,leenooks_phpldapadmin,2021-11-21 19:45:55+00:00,,,,,
301,stargazers,leenooks_phpldapadmin,2021-12-10 11:06:42+00:00,,,,,
302,stargazers,leenooks_phpldapadmin,2021-12-27 09:18:33+00:00,,,,,
303,stargazers,leenooks_phpldapadmin,2021-12-28 04:39:08+00:00,,,,,
304,stargazers,leenooks_phpldapadmin,2021-12-31 12:17:17+00:00,,,,,
305,stargazers,leenooks_phpldapadmin,2022-01-07 06:59:35+00:00,,,,,
306,stargazers,leenooks_phpldapadmin,2022-01-08 06:51:05+00:00,,,,,
307,stargazers,leenooks_phpldapadmin,2022-01-18 16:51:53+00:00,,,,,
308,stargazers,leenooks_phpldapadmin,2022-01-21 23:36:37+00:00,,,,,
309,stargazers,leenooks_phpldapadmin,2022-01-21 23:40:45+00:00,,,,,
310,stargazers,leenooks_phpldapadmin,2022-01-23 10:28:07+00:00,,,,,
311,stargazers,leenooks_phpldapadmin,2022-01-30 20:55:02+00:00,,,,,
312,stargazers,leenooks_phpldapadmin,2022-02-08 22:09:51+00:00,,,,,
313,stargazers,leenooks_phpldapadmin,2022-02-13 09:33:33+00:00,,,,,
314,stargazers,leenooks_phpldapadmin,2022-02-15 02:41:48+00:00,,,,,
315,stargazers,leenooks_phpldapadmin,2022-02-15 18:46:19+00:00,,,,,
316,stargazers,leenooks_phpldapadmin,2022-02-16 18:43:56+00:00,,,,,
317,stargazers,leenooks_phpldapadmin,2022-02-18 09:50:05+00:00,,,,,
318,stargazers,leenooks_phpldapadmin,2022-02-20 10:11:23+00:00,,,,,
319,stargazers,leenooks_phpldapadmin,2022-02-21 00:11:08+00:00,,,,,
320,stargazers,leenooks_phpldapadmin,2022-02-21 19:56:37+00:00,,,,,
321,stargazers,leenooks_phpldapadmin,2022-03-09 13:31:56+00:00,,,,,
322,stargazers,leenooks_phpldapadmin,2022-03-10 05:33:23+00:00,,,,,
323,stargazers,leenooks_phpldapadmin,2022-03-23 10:58:37+00:00,,,,,
324,stargazers,leenooks_phpldapadmin,2022-03-27 11:21:27+00:00,,,,,
325,stargazers,leenooks_phpldapadmin,2022-04-29 05:24:19+00:00,,,,,
326,stargazers,leenooks_phpldapadmin,2022-05-13 18:46:15+00:00,,,,,
327,stargazers,leenooks_phpldapadmin,2022-05-17 21:23:11+00:00,,,,,
328,stargazers,leenooks_phpldapadmin,2022-05-20 15:18:22+00:00,,,,,
329,stargazers,leenooks_phpldapadmin,2022-05-30 15:01:55+00:00,,,,,
330,stargazers,leenooks_phpldapadmin,2022-05-31 02:29:30+00:00,,,,,
331,stargazers,leenooks_phpldapadmin,2022-06-01 05:11:10+00:00,,,,,
332,stargazers,leenooks_phpldapadmin,2022-06-04 15:02:55+00:00,,,,,
333,stargazers,leenooks_phpldapadmin,2022-06-28 00:47:21+00:00,,,,,
334,stargazers,leenooks_phpldapadmin,2022-06-30 03:28:15+00:00,,,,,
335,stargazers,leenooks_phpldapadmin,2022-06-30 14:15:08+00:00,,,,,
336,stargazers,leenooks_phpldapadmin,2022-07-04 02:33:08+00:00,,,,,
337,stargazers,leenooks_phpldapadmin,2022-07-06 10:03:34+00:00,,,,,
338,stargazers,leenooks_phpldapadmin,2022-07-11 07:35:38+00:00,,,,,
